,StationName,Latitude,Longitude,2018-12-29 03:00:00,2018-12-29 07:00:00,2018-12-29 11:00:00,2018-12-29 15:00:00,2018-12-29 19:00:00,2018-12-29 23:00:00,2018-12-30 03:00:00,2018-12-30 07:00:00,2018-12-30 11:00:00,2018-12-30 15:00:00,2018-12-30 19:00:00,2018-12-30 23:00:00,2018-12-31 03:00:00,2018-12-31 07:00:00,2018-12-31 11:00:00,2018-12-31 15:00:00,2018-12-31 19:00:00,2018-12-31 23:00:00,2019-01-01 03:00:00,2019-01-01 07:00:00,2019-01-01 11:00:00,2019-01-01 15:00:00,2019-01-01 19:00:00,2019-01-01 23:00:00,2019-01-02 03:00:00,2019-01-02 07:00:00,2019-01-02 11:00:00,2019-01-02 15:00:00,2019-01-02 19:00:00,2019-01-02 23:00:00,2019-01-03 03:00:00,2019-01-03 07:00:00,2019-01-03 11:00:00,2019-01-03 15:00:00,2019-01-03 19:00:00,2019-01-03 23:00:00,2019-01-04 03:00:00,2019-01-04 07:00:00,2019-01-04 11:00:00,2019-01-04 15:00:00,2019-01-04 19:00:00
0,34 ST-HERALD SQ,40.748897899999996,-73.98878859999998,3455.0,19736.0,42941.0,38460.0,24356.0,11719.0,2785.0,15192.0,35686.0,52748.0,34431.0,8376.0,4835.0,30519.0,47522.0,61262.0,24582.0,12975.0,3653.0,9077.0,25510.0,35822.0,21330.0,3987.0,6725.0,57266.0,40112.0,86355.0,35168.0,5444.0,6923.0,60193.0,40282.0,85908.0,35751.0,5619.0,7016.0,57433.0,42325.0,86604.0,38140.0
1,TIMES SQ-42 ST,40.7545563,-73.98667370000001,3161.0,16857.0,38180.0,54784.0,41443.0,14468.0,2593.0,13122.0,31626.0,46106.0,34108.0,10427.0,4384.0,22808.0,28025.0,19520.0,8144.0,10885.0,3873.0,7991.0,21665.0,36894.0,25369.0,6640.0,6073.0,45454.0,31789.0,67112.0,31272.0,7732.0,6131.0,48126.0,31408.0,68447.0,32320.0,6734.0,6009.0,45513.0,31685.0,65099.0,32914.0
2,34 ST-PENN STA,40.751056,-73.99031020000001,3004.0,15652.0,32101.0,40391.0,24517.0,8554.0,2307.0,12845.0,27935.0,35293.0,20763.0,5517.0,6330.0,28487.0,37932.0,49008.0,22211.0,12723.0,3529.0,8864.0,21003.0,27806.0,15419.0,3257.0,9387.0,55633.0,33813.0,67004.0,23765.0,4516.0,11098.0,70165.0,35140.0,83964.0,27298.0,5001.0,10920.0,65857.0,37447.0,81618.0,29513.0
3,59 ST COLUMBUS,40.7684839,-73.98180699999999,1746.0,11066.0,25813.0,30881.0,15306.0,4533.0,1352.0,8259.0,20419.0,26098.0,12935.0,3250.0,2598.0,14440.0,27093.0,31594.0,16529.0,9927.0,1743.0,5517.0,16455.0,21498.0,8814.0,2102.0,3883.0,27507.0,23345.0,41547.0,16130.0,3390.0,4061.0,28987.0,23425.0,42012.0,17799.0,3335.0,3968.0,28451.0,23963.0,41040.0,17416.0
4,86 ST,40.7795016,-73.95557240000001,1646.0,11120.0,5380.0,7216.0,16712.0,2895.0,1197.0,8416.0,18865.0,21615.0,10339.0,2081.0,2784.0,16829.0,24365.0,26773.0,9935.0,3713.0,1564.0,4869.0,12656.0,15714.0,7213.0,1336.0,4583.0,29311.0,23376.0,38359.0,13540.0,1865.0,4691.0,31629.0,23753.0,40328.0,14849.0,1977.0,4735.0,30747.0,24460.0,40232.0,16050.0
5,GRD CNTRL-42 ST,40.75216470000001,-73.97715339999998,1539.0,11349.0,24440.0,29890.0,15483.0,4320.0,1058.0,8649.0,19941.0,22974.0,12102.0,2522.0,3228.0,19764.0,25949.0,31394.0,13685.0,6852.0,1829.0,5018.0,14351.0,18134.0,8927.0,1699.0,6027.0,42855.0,22190.0,50466.0,15600.0,2627.0,5911.0,46017.0,23607.0,51741.0,16699.0,2601.0,5774.0,42175.0,24324.0,10366.0,2793.0
6,59 ST,40.6415685,-74.0176783,2458.0,11665.0,20596.0,25766.0,13962.0,3782.0,1679.0,8185.0,16064.0,20276.0,10464.0,2766.0,3653.0,18719.0,22522.0,25792.0,8829.0,3741.0,1650.0,5566.0,11316.0,15030.0,7023.0,1813.0,5268.0,32525.0,20558.0,40980.0,13804.0,2672.0,5493.0,34638.0,22132.0,42822.0,14983.0,2859.0,5642.0,33420.0,22582.0,42075.0,14900.0
7,FLUSHING-MAIN,40.75955820000001,-73.82992209999998,3029.0,14600.0,18087.0,21368.0,14709.0,4347.0,1976.0,10648.0,15575.0,17754.0,12241.0,3458.0,4736.0,19635.0,17585.0,23425.0,12120.0,4216.0,2142.0,8132.0,13385.0,15830.0,10047.0,2415.0,7735.0,27707.0,16490.0,30027.0,15822.0,2993.0,7810.0,28633.0,16467.0,29869.0,16356.0,3021.0,7689.0,28014.0,16425.0,30826.0,17297.0
8,ATL AV-BARCLAY,40.6837598,-73.97875739999998,1044.0,5733.0,15325.0,20835.0,12513.0,6339.0,964.0,4594.0,12403.0,15992.0,8548.0,1933.0,1369.0,9098.0,15916.0,20736.0,12126.0,8287.0,1560.0,2961.0,8529.0,11623.0,6060.0,1282.0,2689.0,21202.0,13118.0,33455.0,19084.0,2164.0,2910.0,22461.0,13363.0,28683.0,10605.0,1871.0,2532.0,21569.0,15170.0,29516.0,11943.0
9,23 ST,40.7413626,-73.9891335,1087.0,7027.0,16660.0,21254.0,11997.0,3662.0,987.0,5238.0,13572.0,17971.0,9625.0,2499.0,1528.0,11684.0,19501.0,21466.0,9866.0,5179.0,1367.0,3242.0,9499.0,13115.0,6444.0,1433.0,2369.0,26794.0,19322.0,35206.0,13088.0,2081.0,2457.0,29493.0,20716.0,42875.0,17975.0,2171.0,2448.0,28563.0,21191.0,42840.0,17221.0
10,42 ST-PORT AUTH,40.7578346,-73.99146259999998,2067.0,12566.0,16201.0,19734.0,14413.0,3483.0,1333.0,10102.0,14397.0,16562.0,12110.0,2522.0,4894.0,18687.0,19678.0,29146.0,17650.0,7442.0,1760.0,6498.0,12626.0,16130.0,10362.0,1878.0,8880.0,36966.0,16803.0,36213.0,14952.0,2336.0,9087.0,37766.0,16673.0,36308.0,15564.0,2294.0,8708.0,35629.0,16527.0,35004.0,15848.0
11,14 ST,40.73747540000001,-73.9970975,1042.0,4704.0,12738.0,15771.0,9541.0,3323.0,996.0,3854.0,10971.0,13579.0,7400.0,2298.0,1119.0,7055.0,12478.0,13768.0,6487.0,3908.0,1498.0,2034.0,6878.0,9173.0,4653.0,1267.0,1503.0,14861.0,11592.0,22729.0,9640.0,1571.0,1566.0,16428.0,12540.0,24020.0,10907.0,1835.0,1566.0,15774.0,12993.0,24557.0,12082.0
12,JKSN HT-ROOSVLT,40.746739,-73.89099859999999,2915.0,10329.0,14050.0,17062.0,11401.0,4742.0,2283.0,7707.0,11558.0,14200.0,9755.0,3788.0,4025.0,13486.0,14685.0,17737.0,9742.0,4596.0,2818.0,5693.0,9446.0,12992.0,8046.0,2729.0,5727.0,20645.0,14588.0,23718.0,11770.0,3491.0,6145.0,21999.0,14479.0,23803.0,12824.0,3707.0,5964.0,21717.0,14375.0,25139.0,13066.0
13,BEDFORD AV,40.717354,-73.956972,809.0,4426.0,12254.0,15546.0,9497.0,3820.0,668.0,3573.0,10399.0,13695.0,8171.0,2699.0,912.0,5685.0,10656.0,12196.0,7498.0,5147.0,1502.0,1975.0,7130.0,9954.0,4709.0,1054.0,1291.0,11972.0,8860.0,17120.0,8689.0,1534.0,1432.0,13087.0,8574.0,17316.0,9767.0,1752.0,1431.0,12896.0,9061.0,16316.0,10029.0
14,47-50 STS ROCK,40.75885,-73.98118610000002,1592.0,10237.0,23025.0,40262.0,27774.0,6661.0,1162.0,8206.0,18623.0,26203.0,17645.0,4686.0,2851.0,20987.0,28912.0,30808.0,10322.0,6082.0,1106.0,4125.0,12616.0,23250.0,12824.0,2174.0,4050.0,38892.0,20905.0,48941.0,16271.0,2615.0,4153.0,41626.0,19907.0,48508.0,16419.0,2565.0,4123.0,39534.0,21691.0,47091.0,16533.0
15,34 ST-HUDSON YD,40.7549713,-74.0010084,706.0,1897.0,3916.0,3798.0,1631.0,536.0,322.0,1364.0,2941.0,3246.0,1356.0,380.0,1352.0,2320.0,3916.0,2902.0,1663.0,907.0,375.0,753.0,2452.0,2639.0,796.0,258.0,2509.0,5520.0,3897.0,7252.0,1679.0,189.0,2552.0,5779.0,3851.0,7454.0,1851.0,217.0,2465.0,5383.0,3969.0,7108.0,1697.0
16,CHAMBERS ST,40.7155134,-74.00922270000001,896.0,7501.0,18089.0,18163.0,7499.0,2036.0,613.0,5510.0,12930.0,13905.0,6455.0,1606.0,1709.0,13346.0,17069.0,17189.0,6629.0,4192.0,809.0,3263.0,10372.0,11470.0,4505.0,1053.0,2827.0,26218.0,18528.0,37717.0,9303.0,1620.0,2952.0,28373.0,20410.0,39019.0,10715.0,1589.0,2810.0,26113.0,19978.0,36794.0,10048.0
17,125 ST,40.8043863,-73.9374292,1603.0,6592.0,11682.0,14093.0,9083.0,3259.0,1263.0,6202.0,11534.0,12076.0,7430.0,2371.0,2023.0,8787.0,12134.0,13877.0,8529.0,4258.0,1784.0,3480.0,7192.0,9675.0,5683.0,1677.0,2811.0,14633.0,11272.0,19020.0,7084.0,2060.0,2994.0,12753.0,11663.0,20147.0,9061.0,2215.0,3025.0,16252.0,12513.0,20598.0,9491.0
18,57 ST-7 AV,40.765564000000005,-73.9803309,860.0,5485.0,10721.0,13402.0,8151.0,2770.0,742.0,3935.0,7451.0,7189619927.0,6953.0,2091.0,1226.0,7311.0,10975.0,10584.0,4589.0,4445.0,998.0,3022.0,6387.0,8643.0,4402.0,1218.0,1632.0,13485.0,9188.0,21010.0,7950.0,1830.0,1749.0,14348.0,9610.0,21471.0,8911.0,1803.0,1841.0,14944.0,10292.0,21339.0,9031.0
19,GRAND ST,40.7182003,-73.9935756,1042.0,7103.0,12334.0,14979.0,9204.0,2994.0,851.0,5709.0,11086.0,13547.0,8297.0,1826.0,1491.0,9570.0,12562.0,13261.0,6693.0,3072.0,1201.0,3889.0,7857.0,9718.0,5435.0,972.0,1879.0,13899.0,11711.0,17460.0,7634.0,1515.0,1870.0,14585.0,11247.0,17084.0,7995.0,1472.0,1928.0,14458.0,11839.0,18191.0,9359.0
20,145 ST,40.8240532,-73.94476230000001,1836.0,6760.0,10123.0,11808.0,8691.0,3827.0,1646.0,5832.0,9406.0,10259.0,7320.0,2804.0,2096.0,8612.0,9339.0,13007.0,9198.0,4800.0,2224.0,3585.0,6966.0,9158.0,6219.0,2109.0,3153.0,15031.0,10005.0,17080.0,9372.0,2683.0,3313.0,16170.0,10236.0,17383.0,9825.0,2689.0,3318.0,15845.0,10939.0,17876.0,10177.0
21,42 ST-BRYANT PK,40.75483679999999,-73.9841215,1143.0,5518.0,12870.0,18130.0,12045.0,3243.0,835.0,3937.0,9765.0,14937.0,9539.0,2566.0,1488.0,10868.0,16687.0,18850.0,7559.0,6679.0,1044.0,2321.0,6913.0,10427.0,6373.0,1406.0,2225.0,22618.0,13138.0,32274.0,11201.0,1969.0,2414.0,24352.0,13658.0,31838.0,11477.0,1937.0,2332.0,23117.0,14027.0,30616.0,11229.0
22,2 AV,40.723412700000004,-73.9902885,507.0,2131.0,3420.0,4856.0,3569.0,1419.0,428.0,1827.0,4157.0,5008.0,2900.0,784.0,644.0,3845.0,5754.0,7579.0,5565.0,3395.0,907.0,1494.0,3877.0,5591.0,3371.0,807.0,904.0,7110.0,5331.0,10076.0,5850.0,837.0,883.0,7549.0,5389.0,10660.0,6722.0,999.0,868.0,7601.0,5661.0,11262.0,7593.0
23,50 ST,40.7620363,-73.98632909999998,1349.0,7755.0,14476.0,21382.0,16554.0,5486.0,1303.0,7109.0,13551.0,18211.0,12934.0,3651.0,1979.0,12262.0,13068.0,11807.0,9409.0,7349.0,2127.0,4448.0,10046.0,14990.0,10677.0,2508.0,2981.0,24220.0,15107.0,31746.0,14603.0,3197.0,2951.0,25030.0,15121.0,32163.0,14280.0,3208.0,2923.0,23901.0,15579.0,32133.0,16050.0
24,CHURCH AV,40.6495233,-73.96328390000001,1278.0,4997.0,6630.0,7847.0,4795.0,1994.0,1085.0,3986.0,5445.0,6596.0,4172.0,1546.0,1990.0,8131.0,7890.0,9915.0,5767.0,2311.0,1344.0,3078.0,4593.0,5965.0,3448.0,1142.0,3062.0,13739.0,7568.0,13622.0,6619.0,1600.0,3169.0,14615.0,7605.0,13999.0,7010.0,1764.0,3239.0,14381.0,8251.0,13617.0,6787.0
25,PRINCE ST,40.7242353,-73.99780600000001,280.0,2718.0,10256.0,15372.0,6776.0,1345.0,251.0,2004.0,8956.0,13741.0,5877.0,855.0,307.0,2471.0,7550.0,8626.0,1704.0,1175.0,302.0,1006.0,4596.0,7293.0,2612.0,295.0,373.0,4736.0,6369.0,10785.0,3795.0,433.0,452.0,5003.0,6328.0,11180.0,4141.0,399.0,423.0,4874.0,6311.0,11429.0,4424.0
26,SPRING ST,40.7257799,-74.00395209999998,342.0,2551.0,7685.0,11010.0,5817.0,1323.0,267.0,1811.0,6330.0,8916.0,4286.0,850.0,478.0,3810.0,9117.0,10544.0,3602.0,2071.0,465.0,1078.0,4525.0,6414.0,3071.0,572.0,643.0,6771.0,7584.0,15776.0,5828.0,829.0,701.0,7212.0,7846.0,16126.0,6886.0,952.0,685.0,7045.0,8603.0,16121.0,7150.0
27,LEXINGTON AV/63,40.764629,-73.96611299999998,1083.0,4678.0,7586.0,8961.0,5246.0,1752.0,813.0,3427.0,6147.0,6702.0,3922.0,1200.0,1445.0,6223.0,6913.0,8013.0,3622.0,2103.0,631.0,1660.0,3826.0,4678.0,2293.0,603.0,1841.0,10853.0,6876.0,13041.0,4489.0,918.0,1836.0,11833.0,7107.0,13548.0,5227.0,826.0,1862.0,11314.0,7097.0,13017.0,4736.0
28,NOSTRAND AV,40.6697362,-73.95050890000002,964.0,4636.0,6640.0,7101.0,4911.0,1725.0,741.0,3645.0,5714.0,6367.0,4108.0,1260.0,1154.0,5789.0,6771.0,7577.0,5096.0,2649.0,923.0,2150.0,4445.0,4981.0,3270.0,988.0,1671.0,9994.0,6109.0,9611.0,5520.0,1241.0,1762.0,10951.0,6198.0,9973.0,6028.0,1307.0,1738.0,10781.0,6466.0,10238.0,5811.0
29,JAY ST-METROTEC,40.6922507,-73.9872792,714.0,3516.0,7051.0,8518.0,4620.0,1451.0,498.0,3607.0,6577.0,7099.0,3783.0,1006.0,1103.0,7998.0,10538.0,12326.0,4692.0,2521.0,1013.0,1661.0,4134.0,5471.0,2635.0,698.0,1645.0,14345.0,11103.0,21659.0,5813.0,1049.0,1821.0,15403.0,11699.0,22444.0,6444.0,1015.0,1752.0,15043.0,11945.0,21405.0,6628.0
30,1 AV,40.7312776,-73.9823439,672.0,3278.0,7066.0,9225.0,7260.0,3109.0,619.0,2584.0,6148.0,8289.0,6015.0,1930.0,1189.0,5396.0,7212.0,9749.0,7556.0,3734.0,1186.0,1920.0,4616.0,6444.0,4186.0,921.0,1426.0,10513.0,7055.0,12945.0,6674.0,1147.0,1660.0,11135.0,7183.0,13563.0,7709.0,1301.0,1593.0,11085.0,7546.0,13425.0,9072.0
31,STEINWAY ST,40.756691700000005,-73.92064090000001,542.0,2756.0,4726.0,5448.0,3539.0,1201.0,436.0,1924.0,3743.0,4511.0,2896.0,716.0,688.0,3914.0,4701.0,5493.0,2970.0,1200.0,578.0,1225.0,2712.0,3453.0,1942.0,564.0,1167.0,7639.0,4683.0,8392.0,4190.0,697.0,1222.0,7969.0,4512.0,8312.0,2863.0,775.0,769.0,7945.0,4577.0,8799.0,4807.0
32,JUNCTION BLVD,40.749203,-73.8693365,2136.0,5697.0,5905.0,7754.0,4409.0,1946.0,1286.0,3976.0,5023.0,6382.0,3871.0,1431.0,2593.0,6439.0,5892.0,8249.0,3908.0,1516.0,1105.0,2357.0,3324.0,4660.0,2622.0,1071.0,3963.0,9313.0,5119.0,11520.0,4550.0,1501.0,4246.0,9968.0,5164.0,11644.0,4806.0,1616.0,4283.0,10250.0,5372.0,12097.0,4994.0
33,DEKALB AV,40.68982020000001,-73.9811611,1107.0,4432.0,7589.0,8264.0,4567.0,1373.0,721.0,3448.0,6578.0,7375.0,3934.0,1026.0,789.0,2828.0,8145.0,8768.0,4710.0,1955.0,964.0,2285.0,4748.0,5393.0,2644.0,727.0,2255.0,13809.0,7387.0,12763.0,5021.0,1029.0,2518.0,14840.0,7647.0,12678.0,5273.0,979.0,2434.0,14676.0,8075.0,13142.0,5579.0
34,BOROUGH HALL,40.6931492,-73.9900883,417.0,3114.0,7725.0,8189.0,3840.0,1041.0,292.0,2385.0,5688.0,6218.0,3255.0,689.0,799.0,7270.0,9689.0,9173.0,3171.0,1748.0,412.0,1322.0,3775.0,5027.0,2188.0,447.0,1422.0,14696.0,11063.0,18706.0,5274.0,729.0,1474.0,16246.0,12214.0,19667.0,5775.0,768.0,1486.0,15817.0,12761.0,18413.0,5307.0
35,CROWN HTS-UTICA,40.6689469,-73.93183379999998,1365.0,4563.0,6087.0,7055.0,4880.0,1817.0,1064.0,3563.0,4837.0,5639.0,4181.0,1506.0,2390.0,7972.0,7244.0,8431.0,4904.0,2101.0,1341.0,2749.0,4083.0,5190.0,3421.0,1227.0,3505.0,12546.0,6663.0,11732.0,5969.0,1631.0,3614.0,13280.0,6658.0,11834.0,6240.0,1632.0,3591.0,12986.0,7329.0,11766.0,6373.0
36,8 ST-NYU,40.7306065,-73.99244159999998,350.0,1783.0,5783.0,8207.0,6131.0,2076.0,326.0,1334.0,4864.0,7264.0,5157.0,1521.0,303.0,2095.0,4302.0,5548.0,3053.0,1873.0,446.0,761.0,2995.0,4683.0,3237.0,676.0,432.0,5381.0,4185.0,8815.0,4315.0,649.0,491.0,5859.0,4288.0,9068.0,4726.0,659.0,527.0,5710.0,4487.0,,
37,CANAL ST,40.722713899999995,-74.00630600000001,351.0,2779.0,6726.0,8306.0,4009.0,946.0,295.0,1826.0,5254.0,6464.0,2929.0,770.0,716.0,4110.0,6666.0,7180.0,2864.0,1833.0,565.0,1068.0,3591.0,4556.0,1992.0,434.0,1159.0,8982.0,6339.0,13721.0,3950.0,810.0,1244.0,9790.0,6513.0,14454.0,4764.0,861.0,1219.0,9585.0,7028.0,14264.0,4797.0
38,QUEENSBORO PLZ,40.7505127,-73.9398439,479.0,2487.0,3547.0,3579.0,2065.0,839.0,426.0,2122.0,2855.0,2820.0,1766.0,588.0,568.0,3225.0,3739.0,3458.0,1916.0,1039.0,473.0,1070.0,2241.0,2140.0,1143.0,346.0,833.0,5102.0,3261.0,6191.0,1932.0,633.0,913.0,5473.0,3186.0,6605.0,2207.0,778.0,983.0,5283.0,3045.0,6280.0,2065.0
39,MYRTLE-WYCKOFF,40.699686,-73.9117713,1560.0,5166.0,6787.0,7081.0,4812.0,1841.0,1039.0,3959.0,5672.0,6221.0,4189.0,1505.0,1727.0,5501.0,5446.0,6091.0,4044.0,1813.0,1147.0,2047.0,3866.0,4629.0,2658.0,952.0,2557.0,8744.0,5069.0,7660.0,4274.0,1403.0,2694.0,9315.0,4940.0,7912.0,4436.0,1240.0,2689.0,9050.0,5153.0,8097.0,5077.0
40,51 ST,40.757135,-73.97191190000001,750.0,4542.0,7164.0,10634.0,6665.0,1561.0,502.0,3768.0,5987.0,8067.0,5030.0,1132.0,1068.0,7364.0,7966.0,9199.0,3424.0,1730.0,588.0,1763.0,3638.0,5186.0,2653.0,647.0,1461.0,13175.0,6914.0,14381.0,4772.0,1033.0,1435.0,14231.0,7700.0,15080.0,5290.0,973.0,1450.0,13663.0,7775.0,15307.0,5012.0
41,COURT SQ,40.7467885,-73.944548,709.0,2285.0,3350.0,3994.0,2353.0,878.0,400.0,1596.0,2982.0,3221.0,1859.0,651.0,894.0,4335.0,4186.0,4845.0,2183.0,1459.0,541.0,857.0,1830.0,2273.0,1320.0,376.0,1847.0,10617.0,4594.0,11241.0,3407.0,694.0,2077.0,11707.0,5332.0,12332.0,3892.0,800.0,2045.0,10169.0,4765.0,10973.0,3434.0
42,JAMAICA CENTER,40.702144700000005,-73.8008771,2141.0,5188.0,5999.0,7276.0,4962.0,1826.0,1494.0,3699.0,4378.0,5222.0,3877.0,1511.0,4609.0,10190.0,8323.0,10926.0,5209.0,1713.0,1698.0,3292.0,3961.0,5441.0,3895.0,1476.0,7224.0,15373.0,8916.0,15983.0,7154.0,1940.0,7318.0,16004.0,9158.0,16039.0,8068.0,1860.0,7082.0,15301.0,9329.0,16152.0,7241.0
43,49 ST,40.7598372,-73.98418249999999,873.0,4971.0,9919.0,15390.0,12790.0,4392.0,744.0,4182.0,8719.0,13556.0,10864.0,3150.0,1008.0,6027.0,1561.0,13.0,16.0,1761.0,898.0,2320.0,5431.0,9869.0,7808.0,1949.0,1347.0,10615.0,7707.0,17291.0,8474.0,2078.0,1281.0,11204.0,7594.0,17113.0,8634.0,2013.0,1378.0,11031.0,7801.0,17149.0,9063.0
44,BOWLING GREEN,40.7048108,-74.0144596,407.0,5354.0,10224.0,8674.0,2813.0,798.0,446.0,4305.0,6849.0,6359.0,2258.0,533.0,1374.0,8957.0,9481.0,10110.0,2419.0,1245.0,389.0,2007.0,6443.0,6256.0,1605.0,383.0,2183.0,17675.0,10023.0,20403.0,3710.0,730.0,2127.0,16734.0,9799.0,20305.0,4035.0,750.0,2106.0,15184.0,9524.0,17927.0,3912.0
45,BLEECKER ST,40.7259346,-73.9946724,482.0,1490.0,3627.0,6014.0,3406.0,1601.0,442.0,1140.0,3177.0,4759.0,2971.0,1060.0,374.0,1956.0,3628.0,4518.0,1781.0,1458.0,480.0,660.0,1687.0,2977.0,1441.0,477.0,431.0,3926.0,3110.0,6868.0,3336.0,820.0,495.0,4730.0,3311.0,7343.0,3900.0,925.0,494.0,4559.0,3458.0,7370.0,4119.0
46,VERNON-JACKSON,40.7426713,-73.9537248,310.0,1823.0,3718.0,4209.0,2604.0,842.0,224.0,1421.0,3035.0,3525.0,2079.0,498.0,580.0,3471.0,3352.0,3850.0,2314.0,1355.0,294.0,1018.0,2522.0,3065.0,1554.0,336.0,1038.0,8430.0,3398.0,6903.0,3038.0,243.0,1160.0,8992.0,3568.0,7195.0,3401.0,265.0,1018.0,8580.0,3843.0,7099.0,3592.0
47,28 ST,40.7470686,-73.99350919999998,395.0,2833.0,5058.0,6783.0,4201.0,1640.0,394.0,2387.0,4090.0,5700.0,3895.0,1249.0,487.0,3708.0,4554.0,5378.0,2486.0,1571.0,415.0,1138.0,2463.0,3733.0,2245.0,697.0,654.0,7195.0,4708.0,9887.0,3679.0,525.0,576.0,7794.0,5485.0,10729.0,4007.0,514.0,608.0,7510.0,5832.0,10219.0,3917.0
48,SUTPHIN-ARCHER,40.700572799999996,-73.8077071,1593.0,4519.0,5198.0,5986.0,4184.0,1544.0,1204.0,3463.0,4276.0,4733.0,3525.0,1162.0,2697.0,6809.0,6575.0,8166.0,4498.0,1478.0,1393.0,2897.0,4301.0,4939.0,3618.0,1105.0,3986.0,9885.0,6177.0,10779.0,5128.0,1312.0,4022.0,9902.0,6539.0,10497.0,5811.0,1330.0,3967.0,9810.0,6621.0,11742.0,6070.0
49,FORDHAM RD,40.8614886,-73.8905408,1412.0,3627.0,4815.0,5626.0,3223.0,1155.0,1011.0,2683.0,3781.0,4491.0,2465.0,868.0,1948.0,4975.0,5267.0,6102.0,2923.0,1125.0,945.0,1942.0,2686.0,3618.0,1849.0,762.0,2897.0,7178.0,5263.0,7916.0,2971.0,956.0,3062.0,7691.0,5153.0,7740.0,3079.0,916.0,2949.0,7790.0,5389.0,7981.0,3219.0
50,HIGH ST,40.6993673,-73.99126559999998,221.0,3118.0,7783.0,8662.0,2895.0,680.0,164.0,2008.0,6314.0,6765.0,2867.0,587.0,379.0,2759.0,5109.0,3899.0,2889.0,3179.0,260.0,1288.0,5345.0,6058.0,2108.0,287.0,654.0,6100.0,5062.0,7663.0,2620.0,549.0,704.0,6382.0,4775.0,7666.0,2745.0,545.0,710.0,6106.0,4527.0,7069.0,2620.0
51,BROOKLYN BRIDGE,40.6993673,-73.99126559999998,285.0,1902.0,6918.0,7140.0,2211.0,563.0,239.0,1464.0,4389.0,5164.0,1785.0,485.0,704.0,4898.0,6583.0,5472.0,1539.0,1528.0,298.0,874.0,3516.0,5396.0,1602.0,401.0,1164.0,8909.0,6814.0,11621.0,2498.0,526.0,1260.0,9837.0,7275.0,12117.0,2821.0,555.0,1196.0,9221.0,7488.0,11356.0,2689.0
52,103 ST-CORONA,40.7498268,-73.862746,2274.0,5579.0,5407.0,6939.0,4478.0,2034.0,1388.0,4094.0,4881.0,5506.0,3801.0,1547.0,2770.0,6151.0,5254.0,6699.0,3663.0,1765.0,1278.0,2389.0,3296.0,4461.0,2724.0,1281.0,4196.0,8763.0,4944.0,9400.0,4276.0,1579.0,4680.0,9094.0,4642.0,9488.0,4605.0,1710.0,4632.0,9199.0,4896.0,9667.0,4537.0
53,GRAND-NEWTOWN,40.736835,-73.87758840000001,931.0,3926.0,4693.0,4817.0,2731.0,870.0,579.0,3044.0,3789.0,4111.0,2301.0,724.0,1521.0,5720.0,4575.0,5468.0,2778.0,935.0,674.0,2097.0,2891.0,3612.0,1873.0,595.0,2611.0,9171.0,4564.0,2463.0,1026.0,725.0,2684.0,9551.0,4608.0,7487.0,3628.0,749.0,2605.0,9824.0,4636.0,7500.0,3692.0
54,181 ST,40.84913,-73.93372889999998,738.0,2675.0,3985.0,4827.0,3306.0,1368.0,642.0,2125.0,3507.0,4643.0,2879.0,1113.0,946.0,3530.0,4342.0,5052.0,2558.0,1199.0,741.0,1468.0,2282.0,3358.0,2337.0,756.0,1229.0,4999.0,4162.0,6592.0,3133.0,1035.0,1281.0,5407.0,4331.0,7056.0,3224.0,843.0,1140.0,5366.0,4725.0,6657.0,3348.0
55,167 ST,40.835598,-73.9213791,890.0,2061.0,2273.0,3196.0,2349.0,1147.0,518.0,1440.0,1648.0,2418.0,1950.0,853.0,1375.0,3627.0,3103.0,4335.0,2523.0,940.0,597.0,1089.0,1867.0,2725.0,1822.0,756.0,2005.0,5163.0,2448.0,5985.0,2756.0,962.0,2136.0,5407.0,2570.0,6182.0,2940.0,1055.0,2128.0,5296.0,2571.0,6045.0,3143.0
56,82 ST-JACKSON H,40.7477145,-73.8839373,1091.0,4048.0,6950.0,8504.0,5015.0,1780.0,818.0,2690.0,5343.0,6751.0,4084.0,1423.0,1247.0,4672.0,7309.0,8003.0,3660.0,1682.0,982.0,1595.0,3185.0,4622.0,2597.0,863.0,1750.0,6734.0,6577.0,10275.0,4399.0,1055.0,1809.0,6797.0,6427.0,10234.0,4659.0,1118.0,1726.0,6785.0,6563.0,10789.0,4921.0
57,KINGS HWY,40.60867440000001,-73.9578059,622.0,3323.0,4815.0,5101.0,2950.0,998.0,521.0,2853.0,4238.0,4576.0,2585.0,664.0,1306.0,6780.0,5549.0,7207.0,2728.0,893.0,507.0,1791.0,2891.0,3747.0,2070.0,514.0,2312.0,10834.0,5854.0,11283.0,4836.0,757.0,2447.0,11604.0,6298.0,11447.0,5100.0,795.0,2276.0,11195.0,6634.0,10255.0,4085.0
58,3 AV-149 ST,40.816129,-73.917811,1154.0,3664.0,4757.0,4925.0,2657.0,870.0,821.0,2635.0,3599.0,3967.0,2168.0,693.0,1851.0,5962.0,5861.0,5601.0,2714.0,996.0,823.0,2080.0,2901.0,3537.0,1821.0,626.0,2480.0,7783.0,6131.0,8412.0,2902.0,792.0,2615.0,8531.0,6492.0,8999.0,3216.0,733.0,2643.0,8565.0,6944.0,9101.0,3343.0
59,EAST BROADWAY,40.714402899999996,-73.98991880000001,292.0,1658.0,2278.0,2710.0,1491.0,491.0,215.0,1157.0,1734.0,2035.0,1297.0,391.0,655.0,3319.0,4083.0,4783.0,2735.0,1472.0,362.0,1475.0,2879.0,3463.0,1885.0,520.0,922.0,5358.0,4113.0,6534.0,2541.0,382.0,814.0,5427.0,3941.0,6688.0,2831.0,413.0,848.0,5479.0,4100.0,6662.0,3158.0
60,72 ST,40.778453000000006,-73.98196999999998,69.0,1228.0,3903.0,3959.0,1135.0,319.0,71.0,812.0,3119.0,3604.0,913.0,196.0,124.0,1806.0,4002.0,3610.0,2916.0,3050.0,122.0,572.0,3221.0,4056.0,753.0,128.0,202.0,3080.0,3673.0,5239.0,1626.0,215.0,215.0,3467.0,3657.0,5041.0,1716.0,200.0,212.0,3396.0,3605.0,5153.0,1846.0
61,WALL ST,40.706396500000004,-74.0094441,263.0,2035.0,4598.0,4776.0,2338.0,724.0,153.0,1761.0,3552.0,3962.0,2034.0,503.0,734.0,6509.0,5710.0,6722.0,2481.0,1477.0,272.0,1056.0,2978.0,3394.0,1487.0,369.0,1399.0,15829.0,5120.0,16888.0,3256.0,13.0,1353.0,16368.0,5543.0,15678.0,3362.0,38.0,1357.0,15186.0,5849.0,,
62,21 ST-QNSBRIDGE,40.75417770000001,-73.94247419999998,621.0,2860.0,3017.0,3252.0,2476.0,1043.0,484.0,2428.0,2570.0,2856.0,2265.0,746.0,867.0,3519.0,3099.0,3644.0,2141.0,1124.0,502.0,1436.0,1999.0,2163.0,1464.0,487.0,1303.0,4896.0,2942.0,4966.0,2112.0,524.0,1239.0,5116.0,2957.0,4951.0,2390.0,447.0,1242.0,4913.0,3017.0,5241.0,2097.0
63,HOYT-SCHER,40.688828799999996,-73.98531249999998,376.0,1900.0,4140.0,5023.0,2815.0,906.0,198.0,1626.0,3784.0,4318.0,2438.0,632.0,357.0,2878.0,4689.0,5028.0,2366.0,1152.0,374.0,758.0,2228.0,2860.0,1446.0,300.0,624.0,4713.0,3982.0,6580.0,2639.0,420.0,696.0,4907.0,3051.0,5058.0,2923.0,404.0,650.0,4697.0,4377.0,6883.0,3221.0
64,FRANKLIN AV,40.7190056,-74.0066801,384.0,1873.0,3246.0,3441.0,2127.0,837.0,309.0,1447.0,2984.0,3180.0,1893.0,619.0,555.0,3014.0,3503.0,3823.0,2567.0,1187.0,489.0,957.0,2213.0,2731.0,1484.0,449.0,961.0,6393.0,3052.0,5310.0,2879.0,500.0,942.0,7019.0,3046.0,5227.0,3108.0,542.0,968.0,6867.0,3259.0,5461.0,3056.0
65,168 ST,40.841041,-73.939971,1008.0,3871.0,5158.0,5469.0,3611.0,1203.0,800.0,2731.0,4103.0,4897.0,3213.0,972.0,1485.0,5684.0,5688.0,6090.0,3882.0,1589.0,853.0,1460.0,2179.0,4398.0,2615.0,814.0,2112.0,11213.0,6788.0,12110.0,4122.0,1012.0,2238.0,12086.0,7213.0,13594.0,4345.0,1089.0,2183.0,11806.0,6957.0,12930.0,4838.0
66,NEVINS ST,40.6882963,-73.98052059999999,327.0,1603.0,3026.0,3490.0,1864.0,646.0,341.0,1320.0,2322.0,2806.0,1482.0,496.0,597.0,3130.0,4213.0,4319.0,1720.0,820.0,398.0,796.0,1649.0,2269.0,1049.0,421.0,910.0,5246.0,3686.0,6400.0,2242.0,417.0,874.0,5538.0,3659.0,6418.0,2366.0,442.0,826.0,5574.0,4166.0,6848.0,2449.0
67,5 AVE,40.760216299999996,-73.975543,248.0,1776.0,4576.0,6756.0,3777.0,750.0,121.0,1305.0,3532.0,5495.0,2749.0,465.0,419.0,3226.0,4881.0,3044.0,1119.0,783.0,227.0,633.0,2457.0,3948.0,1800.0,330.0,707.0,6135.0,4037.0,9705.0,3176.0,415.0,707.0,6619.0,3865.0,9582.0,3325.0,379.0,658.0,6130.0,4006.0,9213.0,2961.0
68,PROSPECT PARK,40.66087879999999,-73.9621109,398.0,1704.0,3218.0,3529.0,2065.0,795.0,346.0,1420.0,2597.0,2897.0,1767.0,650.0,566.0,2788.0,3309.0,3885.0,2443.0,1139.0,546.0,959.0,2418.0,2934.0,1361.0,507.0,854.0,4989.0,2914.0,5269.0,3014.0,645.0,867.0,5289.0,2834.0,5348.0,3130.0,632.0,827.0,5309.0,3019.0,5251.0,3096.0
69,CENTRAL PK N110,40.798737599999995,-73.9522934,444.0,1853.0,3187.0,3652.0,2214.0,883.0,398.0,1527.0,2868.0,2984.0,1865.0,674.0,620.0,2473.0,2838.0,3050.0,1939.0,1066.0,536.0,1128.0,2282.0,2725.0,1514.0,501.0,821.0,4374.0,2571.0,4470.0,1917.0,554.0,821.0,4692.0,2822.0,4663.0,2127.0,560.0,809.0,4472.0,2950.0,4609.0,2263.0
70,LEXINGTON AV/53,40.757698100000006,-73.96907420000001,352.0,1722.0,2687.0,3551.0,2139.0,664.0,182.0,1148.0,2113.0,2547.0,1628.0,475.0,1500.0,10837.0,11055.0,13246.0,5359.0,2221.0,780.0,2058.0,4147.0,5097.0,2921.0,792.0,2918.0,28358.0,11319.0,29403.0,8879.0,1589.0,3130.0,30461.0,12503.0,30947.0,9881.0,1712.0,3101.0,29271.0,12965.0,30601.0,9547.0
71,63 DR-REGO PARK,40.7301359,-73.86236729999999,425.0,2481.0,3958.0,3977.0,2074.0,435.0,325.0,1749.0,3332.0,3536.0,1681.0,296.0,908.0,4408.0,3939.0,4230.0,1508.0,419.0,319.0,1048.0,1957.0,2230.0,1038.0,255.0,1497.0,7302.0,3910.0,5666.0,2192.0,294.0,1491.0,7645.0,3917.0,5569.0,2352.0,297.0,1435.0,7538.0,3972.0,5584.0,2408.0
72,3 AV,40.733135299999994,-73.98675829999998,205.0,922.0,2204.0,3085.0,2499.0,928.0,180.0,801.0,2341.0,2919.0,2083.0,598.0,230.0,1499.0,2551.0,3170.0,2313.0,1185.0,389.0,452.0,1366.0,2048.0,1363.0,340.0,350.0,2567.0,2134.0,3910.0,2206.0,402.0,407.0,2645.0,2076.0,3902.0,2490.0,450.0,387.0,2738.0,2255.0,4123.0,3017.0
73,175 ST,40.847916600000005,-73.9394823,491.0,2181.0,3098.0,3659.0,2416.0,721.0,385.0,1673.0,2679.0,2981.0,1900.0,538.0,849.0,3076.0,3156.0,4038.0,2418.0,796.0,371.0,1065.0,2117.0,2641.0,1600.0,347.0,1370.0,5554.0,3019.0,5273.0,2395.0,477.0,1354.0,5885.0,3038.0,5369.0,2383.0,547.0,1385.0,5669.0,3183.0,5887.0,2858.0
74,53 ST,40.760216299999996,-73.975543,628.0,2294.0,3005.0,3382.0,2088.0,817.0,447.0,1757.0,2514.0,2988.0,1743.0,641.0,839.0,3127.0,3076.0,3747.0,2146.0,1088.0,653.0,1272.0,1817.0,2513.0,1363.0,512.0,1267.0,4763.0,2856.0,5523.0,2422.0,664.0,1327.0,4952.0,2780.0,5504.0,2512.0,638.0,1363.0,4931.0,3106.0,5460.0,2423.0
75,110 ST,40.798737599999995,-73.9522934,563.0,2344.0,3199.0,3605.0,2199.0,887.0,422.0,1724.0,2655.0,2893.0,1867.0,674.0,734.0,3202.0,3454.0,3949.0,2301.0,1173.0,591.0,1251.0,2111.0,2461.0,1597.0,570.0,1003.0,5414.0,3575.0,5665.0,2380.0,707.0,1118.0,5919.0,3708.0,5838.0,2566.0,706.0,1134.0,6000.0,4126.0,6031.0,2878.0
76,BEDFORD-NOSTRAN,40.6898534,-73.9516398,214.0,1392.0,2104.0,2166.0,1580.0,555.0,185.0,1094.0,1758.0,2013.0,1262.0,398.0,409.0,2212.0,2312.0,2602.0,1890.0,856.0,378.0,704.0,1590.0,1740.0,1011.0,280.0,594.0,4393.0,2003.0,3316.0,1748.0,382.0,643.0,4707.0,2011.0,3379.0,1816.0,423.0,620.0,4616.0,2169.0,3285.0,2238.0
77,GRAHAM AV,40.714526299999996,-73.94438180000002,261.0,1522.0,2721.0,2844.0,1919.0,592.0,149.0,1207.0,2579.0,2742.0,1787.0,573.0,363.0,2273.0,2837.0,3116.0,2025.0,901.0,347.0,701.0,1838.0,2079.0,1235.0,288.0,599.0,4927.0,2577.0,4100.0,2129.0,352.0,628.0,5305.0,2586.0,4119.0,2373.0,399.0,636.0,5212.0,2689.0,4207.0,2812.0
78,46 ST BLISS ST,40.7430691,-73.91824030000002,869.0,2807.0,3818.0,4519.0,2749.0,1072.0,523.0,1970.0,2997.0,3650.0,2420.0,821.0,999.0,3642.0,3706.0,4620.0,2607.0,1148.0,608.0,1252.0,2268.0,3132.0,1874.0,575.0,1567.0,6085.0,3481.0,6090.0,3045.0,742.0,1592.0,6605.0,3568.0,6159.0,3267.0,765.0,1602.0,6387.0,3719.0,6524.0,3479.0
79,CHRISTOPHER ST,40.733578400000006,-74.00287279999998,263.0,1433.0,4004.0,5256.0,4269.0,1974.0,341.0,1117.0,3527.0,4726.0,3701.0,1337.0,339.0,1711.0,3328.0,3925.0,2796.0,2075.0,494.0,574.0,2411.0,3305.0,2352.0,693.0,325.0,3241.0,3116.0,4943.0,3207.0,756.0,367.0,3436.0,3187.0,5170.0,3541.0,960.0,358.0,3365.0,3244.0,5433.0,4042.0
80,191 ST,40.855738,-73.9306512,562.0,1710.0,2333.0,3235.0,2363.0,1059.0,427.0,1322.0,2028.0,2901.0,2159.0,770.0,634.0,2424.0,2604.0,3447.0,2094.0,938.0,559.0,776.0,1643.0,2558.0,1686.0,531.0,928.0,4096.0,2602.0,4889.0,2467.0,777.0,1024.0,4487.0,2597.0,5141.0,2697.0,838.0,1037.0,4324.0,2746.0,4779.0,2475.0
81,ROOSEVELT ISLND,40.7591362,-73.9533215,178.0,1231.0,2795.0,2815.0,1638.0,497.0,128.0,973.0,2207.0,2649.0,1427.0,308.0,294.0,2011.0,2604.0,2826.0,1509.0,758.0,267.0,693.0,2153.0,2554.0,1165.0,236.0,437.0,3589.0,2332.0,3794.0,1850.0,271.0,424.0,3760.0,2255.0,3452.0,2170.0,236.0,473.0,3794.0,2386.0,3745.0,1991.0
82,BROADWAY JCT,40.6789137,-73.9039,777.0,2077.0,2574.0,2942.0,2291.0,938.0,669.0,1734.0,2116.0,2274.0,1848.0,776.0,1011.0,2790.0,2614.0,3159.0,2120.0,976.0,1217.0,1227.0,1616.0,2175.0,1583.0,604.0,1383.0,3855.0,2730.0,4272.0,2323.0,859.0,1468.0,4239.0,2892.0,4485.0,2230.0,761.0,1494.0,4133.0,2961.0,4455.0,2411.0
83,HOYT ST,40.688828799999996,-73.98531249999998,130.0,1047.0,2584.0,3287.0,1541.0,275.0,80.0,1104.0,2669.0,2764.0,1214.0,221.0,260.0,2053.0,3222.0,4066.0,1681.0,796.0,180.0,416.0,895.0,1448.0,817.0,159.0,354.0,3304.0,2619.0,4796.0,1600.0,36.0,392.0,3631.0,2675.0,4935.0,1498.0,38.0,396.0,3461.0,2846.0,5015.0,1742.0
84,135 ST,40.817894,-73.947647,516.0,2252.0,3072.0,3196.0,1999.0,925.0,418.0,2065.0,3023.0,2621.0,1648.0,581.0,738.0,3285.0,3346.0,3450.0,2297.0,981.0,567.0,1269.0,2124.0,2334.0,1413.0,522.0,1019.0,5288.0,3331.0,4671.0,2046.0,586.0,1038.0,5879.0,3386.0,5086.0,2083.0,599.0,1081.0,5710.0,3510.0,4964.0,2584.0
85,ELMHURST AV,40.74244789999999,-73.88198440000001,579.0,2660.0,3013.0,2824.0,1394.0,402.0,423.0,2150.0,2617.0,2502.0,1238.0,305.0,993.0,3882.0,2949.0,3130.0,1466.0,416.0,417.0,1618.0,2192.0,2414.0,1054.0,243.0,1543.0,5933.0,2898.0,3575.0,1445.0,301.0,1658.0,6090.0,2787.0,3451.0,1536.0,308.0,1602.0,6178.0,2846.0,3779.0,1677.0
86,RECTOR ST,40.7078954,-74.01363649999998,164.0,2116.0,4082.0,4479.0,1835.0,493.0,176.0,1618.0,3040.0,3669.0,1758.0,374.0,350.0,3275.0,4263.0,4448.0,1893.0,998.0,244.0,853.0,2517.0,2922.0,1211.0,229.0,604.0,6522.0,4140.0,8210.0,2287.0,517.0,605.0,6787.0,4219.0,8554.0,2318.0,576.0,633.0,6496.0,4255.0,8009.0,2020.0
87,4AV-9 ST,40.6701803,-73.98929150000002,287.0,1454.0,2504.0,2769.0,1560.0,590.0,189.0,1110.0,2225.0,2357.0,1304.0,425.0,445.0,2282.0,2601.0,2712.0,1465.0,888.0,345.0,706.0,1450.0,1624.0,823.0,217.0,638.0,5013.0,2339.0,4468.0,1770.0,357.0,698.0,5490.0,2448.0,4628.0,2020.0,368.0,661.0,5298.0,2631.0,4580.0,2042.0
88,96 ST,40.7858701,-73.95093469999998,115.0,528.0,1002.0,2404.0,1115.0,304.0,101.0,774.0,2037.0,2236.0,998.0,265.0,272.0,2248.0,3262.0,3273.0,1766.0,806.0,144.0,574.0,1632.0,2102.0,861.0,159.0,370.0,4517.0,3068.0,5741.0,1974.0,272.0,362.0,4964.0,3090.0,5958.0,2159.0,214.0,402.0,4710.0,3365.0,5651.0,1827.0
89,JAMAICA 179 ST,40.71264420000001,-73.7838184,1294.0,3265.0,3748.0,2448.0,1527.0,889.0,896.0,2221.0,2652.0,2721.0,1839.0,708.0,2927.0,5927.0,3668.0,4520.0,2347.0,798.0,833.0,1629.0,2196.0,2461.0,1595.0,546.0,4869.0,10449.0,3836.0,6582.0,3325.0,698.0,5134.0,11212.0,4053.0,6715.0,3395.0,739.0,4953.0,10771.0,4185.0,6937.0,3203.0
90,BRIGHTON BEACH,40.5776648,-73.96127690000002,424.0,2054.0,3256.0,3278.0,1356.0,429.0,325.0,1744.0,2559.0,2806.0,1478.0,331.0,723.0,2971.0,3133.0,3253.0,1457.0,489.0,380.0,1040.0,1881.0,2580.0,1162.0,277.0,1163.0,5140.0,4089.0,4998.0,2100.0,311.0,1250.0,5549.0,4009.0,5346.0,2135.0,330.0,1246.0,5048.0,3647.0,4877.0,2089.0
91,CARROLL ST,40.679331299999994,-73.9954833,136.0,1233.0,1901.0,2208.0,1153.0,380.0,107.0,792.0,1696.0,1752.0,987.0,271.0,273.0,2099.0,2323.0,2651.0,1750.0,818.0,209.0,545.0,1518.0,1908.0,784.0,201.0,468.0,6003.0,2399.0,4623.0,1779.0,266.0,508.0,6409.0,2491.0,4923.0,2026.0,276.0,485.0,6276.0,2751.0,5023.0,2193.0
92,149/GRAND CONC,40.8183248,-73.9274121,880.0,2307.0,2883.0,3180.0,1892.0,934.0,715.0,1797.0,2304.0,2651.0,1477.0,757.0,903.0,2924.0,2895.0,3152.0,1445.0,739.0,642.0,1108.0,1413.0,1904.0,1191.0,592.0,1153.0,4429.0,4267.0,5130.0,1980.0,738.0,1253.0,4800.0,4805.0,5359.0,2097.0,752.0,1246.0,5044.0,4775.0,5505.0,2232.0
93,UNION ST,40.6771729,-73.98324670000001,224.0,1173.0,1760.0,2365.0,1605.0,631.0,172.0,909.0,1798.0,2020.0,1361.0,487.0,322.0,1733.0,1856.0,2391.0,1851.0,1280.0,336.0,541.0,1205.0,1430.0,946.0,204.0,476.0,3735.0,1757.0,3722.0,1850.0,349.0,510.0,4061.0,1854.0,3906.0,2042.0,419.0,464.0,3930.0,1914.0,3698.0,2086.0
94,111 ST,40.75172999999999,-73.855334,1266.0,3642.0,3353.0,3835.0,2348.0,1077.0,749.0,2690.0,3096.0,3089.0,2071.0,812.0,1761.0,4015.0,3361.0,3833.0,2153.0,1057.0,757.0,158.0,352.0,2591.0,1612.0,651.0,2832.0,5728.0,2944.0,5303.0,2192.0,836.0,2947.0,5894.0,2956.0,5271.0,2398.0,840.0,2931.0,5841.0,2891.0,5391.0,2480.0
95,MONTROSE AV,40.7077716,-73.93986329999998,313.0,1146.0,1974.0,2197.0,1856.0,844.0,287.0,952.0,1801.0,1978.0,1470.0,469.0,401.0,1665.0,1956.0,2184.0,1702.0,1073.0,504.0,596.0,1571.0,1782.0,1124.0,289.0,490.0,2881.0,1796.0,2563.0,1555.0,432.0,575.0,3147.0,1731.0,2808.0,1912.0,502.0,569.0,3099.0,1981.0,2801.0,1929.0
96,MORGAN AV,40.70607589999999,-73.93370999999998,306.0,1124.0,2222.0,2667.0,1932.0,779.0,251.0,847.0,1879.0,2286.0,1520.0,488.0,394.0,1402.0,1979.0,2273.0,1689.0,938.0,387.0,546.0,1461.0,1680.0,994.0,316.0,533.0,2550.0,1800.0,2894.0,1462.0,377.0,570.0,2957.0,1825.0,2882.0,1553.0,371.0,589.0,2970.0,1975.0,3226.0,2107.0
97,90 ST-ELMHURST,40.748436700000006,-73.87652890000001,1374.0,4065.0,4236.0,4483.0,2517.0,932.0,943.0,2995.0,3511.0,3797.0,2141.0,808.0,1887.0,4416.0,3972.0,4512.0,2456.0,939.0,801.0,1825.0,2460.0,3183.0,1628.0,562.0,2890.0,6755.0,3800.0,5697.0,2666.0,794.0,2966.0,6986.0,3754.0,5726.0,2678.0,806.0,2948.0,7011.0,3777.0,5857.0,3049.0
98,6 AV,40.7373653,-73.99684529999998,146.0,563.0,1397.0,2175.0,1581.0,473.0,127.0,445.0,1334.0,1880.0,1090.0,298.0,156.0,859.0,1613.0,2070.0,1169.0,508.0,219.0,231.0,798.0,1389.0,658.0,156.0,218.0,1664.0,1264.0,2696.0,1327.0,246.0,255.0,1793.0,1385.0,2937.0,1441.0,268.0,230.0,1705.0,1466.0,3048.0,1591.0
99,BOWERY,40.720166799999994,-73.99353470000001,220.0,1428.0,2388.0,2790.0,1703.0,641.0,168.0,999.0,2109.0,2555.0,1506.0,462.0,194.0,1163.0,1780.0,1772.0,1011.0,760.0,318.0,616.0,1337.0,1670.0,929.0,291.0,214.0,1661.0,1574.0,2272.0,1115.0,391.0,249.0,1701.0,1548.0,2328.0,1454.0,400.0,301.0,1746.0,1555.0,2482.0,1442.0
100,BURNSIDE AV,40.85345299999999,-73.90768400000002,824.0,2036.0,2379.0,2698.0,1813.0,760.0,647.0,1583.0,1829.0,2125.0,1568.0,511.0,965.0,2296.0,2611.0,2646.0,1574.0,592.0,523.0,1030.0,1377.0,1749.0,1093.0,434.0,1398.0,3748.0,2768.0,3590.0,1441.0,524.0,1484.0,3765.0,3303.0,3994.0,1798.0,603.0,1445.0,3940.0,3496.0,3847.0,1825.0
101,45 ST,40.6493588,-74.00959069999998,437.0,1609.0,2051.0,2447.0,1338.0,482.0,286.0,1242.0,1817.0,2047.0,1123.0,350.0,614.0,2118.0,1979.0,2314.0,1380.0,573.0,319.0,880.0,1308.0,1688.0,926.0,239.0,1006.0,3565.0,1793.0,3325.0,1403.0,365.0,999.0,3835.0,1831.0,3438.0,1486.0,390.0,1022.0,3747.0,1959.0,3433.0,1444.0
102,170 ST,40.840050399999996,-73.9133477,587.0,1335.0,1470.0,1647.0,1171.0,483.0,388.0,931.0,1005.0,1232.0,1031.0,429.0,831.0,2474.0,2301.0,2719.0,1616.0,550.0,482.0,945.0,1297.0,1671.0,1123.0,381.0,1258.0,3341.0,2254.0,3922.0,1697.0,529.0,1428.0,3680.0,2378.0,4100.0,1742.0,572.0,1368.0,3608.0,2493.0,4206.0,1885.0
103,169 ST,40.7104152,-73.79374600000001,541.0,1538.0,2113.0,2368.0,1516.0,605.0,433.0,1155.0,1553.0,1880.0,1262.0,451.0,812.0,2447.0,2355.0,3105.0,1527.0,524.0,507.0,845.0,1316.0,1747.0,1038.0,366.0,1248.0,3811.0,2775.0,4632.0,2098.0,496.0,1323.0,4152.0,2542.0,4660.0,2157.0,471.0,1282.0,3841.0,2645.0,4735.0,2108.0
104,74 ST-BROADWAY,40.746941899999996,-73.89146020000001,208.0,867.0,1809.0,2220.0,1355.0,508.0,159.0,668.0,1383.0,1858.0,1393.0,447.0,214.0,921.0,1688.0,2103.0,1084.0,483.0,183.0,448.0,1101.0,1710.0,1059.0,324.0,272.0,1283.0,1458.0,2604.0,1345.0,311.0,251.0,1418.0,1486.0,2487.0,1431.0,309.0,244.0,1359.0,1470.0,2571.0,1558.0
105,40 ST LOWERY ST,40.7438729,-73.92423409999998,441.0,1815.0,2766.0,3091.0,2231.0,790.0,332.0,1424.0,2180.0,2768.0,1816.0,543.0,,2753.0,,3518.0,1963.0,945.0,441.0,859.0,1841.0,2559.0,1494.0,379.0,983.0,5477.0,3053.0,5552.0,2642.0,533.0,1004.0,5845.0,3238.0,5539.0,2654.0,534.0,924.0,6009.0,3266.0,5400.0,2697.0
106,CASTLE HILL AV,40.83429599999999,-73.85168399999998,535.0,1460.0,1788.0,2175.0,1440.0,741.0,431.0,1078.0,1307.0,1643.0,1162.0,567.0,891.0,2025.0,1969.0,2512.0,1286.0,632.0,455.0,801.0,1012.0,1540.0,957.0,496.0,1335.0,3235.0,1981.0,3919.0,1739.0,596.0,1399.0,3616.0,2010.0,3748.0,1984.0,601.0,1382.0,3593.0,2225.0,3919.0,1940.0
107,HALSEY ST,40.69577750000001,-73.9044092,449.0,1458.0,1824.0,2126.0,1616.0,764.0,348.0,1203.0,1746.0,1933.0,1446.0,563.0,699.0,2138.0,1752.0,2307.0,1588.0,1171.0,649.0,790.0,1329.0,1637.0,1037.0,356.0,1067.0,3721.0,1806.0,3177.0,1778.0,396.0,1164.0,3851.0,1837.0,3441.0,1799.0,521.0,1130.0,3893.0,1908.0,3325.0,1993.0
108,CLARK ST,40.6974878,-73.99314090000001,74.0,818.0,2565.0,2715.0,1111.0,262.0,70.0,663.0,2450.0,2371.0,1162.0,215.0,119.0,1132.0,1637.0,1531.0,1093.0,1244.0,84.0,375.0,1712.0,2013.0,829.0,134.0,221.0,2341.0,1751.0,2825.0,794.0,0.0,227.0,2308.0,1501.0,2485.0,857.0,0.0,191.0,2232.0,1559.0,2443.0,1150.0
109,SUTTER AV-RUTLD,40.664992100000006,-73.92290849999998,494.0,1375.0,1866.0,2139.0,1557.0,613.0,421.0,1037.0,1400.0,1764.0,1117.0,449.0,760.0,2304.0,2309.0,2832.0,1511.0,624.0,464.0,888.0,1143.0,1587.0,1060.0,374.0,1227.0,3668.0,2345.0,4072.0,1919.0,495.0,1226.0,3867.0,2337.0,4226.0,2018.0,513.0,1182.0,3825.0,2508.0,4155.0,2229.0
110,EASTN PKWY-MUSM,40.671993799999996,-73.96420649999999,93.0,642.0,2013.0,2373.0,889.0,304.0,91.0,546.0,1768.0,2065.0,746.0,286.0,137.0,1023.0,1313.0,1585.0,898.0,532.0,149.0,276.0,835.0,1037.0,514.0,164.0,223.0,2320.0,1382.0,2661.0,1206.0,183.0,240.0,2355.0,1503.0,2858.0,1396.0,203.0,227.0,2317.0,1583.0,2685.0,1111.0
111,BAY RIDGE AV,40.634968,-74.023376,359.0,1433.0,2310.0,2683.0,1859.0,606.0,286.0,1174.0,1780.0,2325.0,1615.0,483.0,532.0,2352.0,2172.0,3149.0,1636.0,656.0,403.0,813.0,1387.0,1867.0,1302.0,325.0,904.0,4023.0,2101.0,3087.0,1606.0,359.0,910.0,4284.0,2048.0,3274.0,1546.0,326.0,913.0,4117.0,2066.0,3171.0,1712.0
112,OZONE PK LEFFRT,40.685956700000006,-73.8257601,704.0,1520.0,1659.0,2023.0,1414.0,534.0,473.0,1106.0,1270.0,1368.0,1088.0,380.0,1293.0,2386.0,1863.0,2427.0,1229.0,398.0,473.0,795.0,1007.0,1239.0,850.0,313.0,2086.0,3638.0,1688.0,3529.0,1789.0,440.0,2210.0,3928.0,1782.0,3461.0,1992.0,443.0,2047.0,3847.0,1798.0,3867.0,1746.0
113,JEFFERSON ST,40.7065868,-73.922872,458.0,1032.0,1990.0,1990.0,1224.0,678.0,324.0,792.0,1670.0,1634.0,985.0,451.0,431.0,1316.0,1764.0,1701.0,1369.0,1157.0,702.0,614.0,1426.0,1513.0,712.0,182.0,585.0,2674.0,1695.0,2351.0,1073.0,236.0,623.0,2819.0,1489.0,2277.0,1138.0,341.0,608.0,2784.0,1523.0,2501.0,1469.0
114,MORISN AV/SNDVW,40.8294898,-73.8746754,628.0,1566.0,1582.0,1859.0,1264.0,728.0,468.0,1062.0,1330.0,1602.0,1120.0,491.0,936.0,1956.0,1832.0,2092.0,1362.0,616.0,526.0,779.0,1026.0,1416.0,933.0,417.0,1460.0,2867.0,1724.0,2858.0,1468.0,595.0,1483.0,3092.0,1761.0,2977.0,1647.0,652.0,1458.0,3108.0,1835.0,2799.0,1619.0
115,207 ST,40.8676635,-73.9212009,367.0,1287.0,1610.0,1902.0,1179.0,372.0,295.0,991.0,1463.0,1681.0,1009.0,293.0,482.0,1578.0,1740.0,1807.0,819.0,339.0,322.0,603.0,892.0,1198.0,676.0,217.0,666.0,2358.0,1526.0,2460.0,1028.0,282.0,721.0,2593.0,1689.0,2487.0,1189.0,288.0,696.0,2615.0,1727.0,2523.0,1311.0
116,EUCLID AV,40.6754013,-73.8719033,701.0,1968.0,2181.0,2095.0,1317.0,528.0,497.0,1619.0,1763.0,1645.0,1081.0,395.0,1084.0,2884.0,2110.0,2199.0,1327.0,496.0,568.0,1147.0,1437.0,1575.0,988.0,288.0,1547.0,4502.0,2456.0,2932.0,1271.0,357.0,1582.0,4605.0,2325.0,2949.0,1357.0,393.0,1556.0,4682.0,2546.0,3011.0,1371.0
117,GRAND ARMY PLAZ,40.6752403,-73.97104159999998,62.0,793.0,1977.0,1794.0,794.0,273.0,59.0,640.0,1473.0,1642.0,750.0,186.0,114.0,1326.0,1559.0,1654.0,1803.0,1821.0,103.0,329.0,1153.0,1190.0,554.0,99.0,221.0,3429.0,1571.0,2702.0,1021.0,124.0,245.0,3701.0,1597.0,2857.0,1162.0,116.0,237.0,3473.0,1633.0,2575.0,1109.0
118,PARSONS BLVD,40.707714,-73.8028238,624.0,1546.0,1772.0,2176.0,1430.0,624.0,515.0,1165.0,1470.0,1742.0,1220.0,555.0,891.0,2077.0,1803.0,2400.0,1359.0,596.0,492.0,792.0,1093.0,1512.0,1065.0,399.0,1345.0,3688.0,2273.0,4168.0,1826.0,511.0,1345.0,3882.0,2339.0,4230.0,1975.0,588.0,1373.0,3781.0,2343.0,3960.0,1735.0
119,231 ST,40.87899229999999,-73.904939,413.0,1582.0,2391.0,2185.0,1141.0,333.0,335.0,1222.0,2050.0,1860.0,937.0,221.0,827.0,2532.0,2188.0,2157.0,1083.0,298.0,315.0,754.0,1391.0,1536.0,725.0,176.0,1352.0,4481.0,2025.0,2808.0,1181.0,203.0,1338.0,4712.0,2055.0,2994.0,1183.0,236.0,1246.0,4473.0,2174.0,2903.0,1206.0
120,SMITH-9 ST,40.6746048,-73.99703970000002,252.0,1147.0,1489.0,1534.0,886.0,318.0,157.0,635.0,1013.0,1185.0,713.0,219.0,462.0,1749.0,1864.0,1925.0,864.0,487.0,209.0,518.0,853.0,1168.0,627.0,192.0,634.0,2853.0,1715.0,2863.0,1127.0,233.0,642.0,3047.0,1788.0,3126.0,1181.0,213.0,588.0,3014.0,1928.0,3008.0,1218.0
121,4 AV-9 ST,40.6701803,-73.98929150000002,126.0,565.0,983.0,1262.0,737.0,297.0,89.0,354.0,867.0,1010.0,626.0,238.0,171.0,967.0,1231.0,1683.0,962.0,739.0,205.0,339.0,775.0,1026.0,566.0,159.0,304.0,2057.0,1134.0,2811.0,1261.0,261.0,332.0,2136.0,1197.0,3006.0,1338.0,240.0,315.0,2112.0,1365.0,2992.0,1469.0
122,67 AV,40.7263823,-73.8515929,188.0,1226.0,1766.0,1563.0,895.0,298.0,161.0,1023.0,1439.0,1342.0,770.0,198.0,494.0,2637.0,1725.0,2101.0,1008.0,215.0,99.0,644.0,1035.0,1201.0,613.0,121.0,926.0,5196.0,1979.0,3473.0,1474.0,200.0,973.0,5451.0,2131.0,3532.0,1696.0,201.0,943.0,5224.0,2050.0,3247.0,1460.0
123,ROCKAWAY AV,40.6625632,-73.9089054,340.0,1001.0,1330.0,1657.0,1191.0,482.0,243.0,825.0,1001.0,1328.0,905.0,394.0,539.0,1762.0,1659.0,1990.0,1077.0,526.0,337.0,681.0,861.0,1265.0,831.0,347.0,747.0,2641.0,1720.0,2862.0,1313.0,436.0,808.0,2893.0,1816.0,3118.0,1358.0,409.0,760.0,2829.0,1965.0,3149.0,1445.0
124,PELHAM BAY PARK,40.852930799999996,-73.8270555,386.0,1257.0,1539.0,1956.0,1155.0,441.0,296.0,897.0,1231.0,1339.0,804.0,336.0,819.0,1984.0,1418.0,1819.0,913.0,295.0,294.0,672.0,961.0,1306.0,726.0,302.0,1355.0,3525.0,1674.0,2555.0,1102.0,372.0,1402.0,117444738.0,1666.0,2600.0,1189.0,371.0,1333.0,3640.0,1734.0,2550.0,1225.0
125,CLASSON AV,40.688873,-73.96007,170.0,806.0,1383.0,1640.0,1262.0,375.0,122.0,689.0,1246.0,1624.0,1075.0,342.0,264.0,1315.0,1595.0,2095.0,1568.0,811.0,263.0,480.0,997.0,1326.0,840.0,195.0,427.0,2867.0,1366.0,2952.0,1649.0,247.0,442.0,3193.0,1487.0,3003.0,1830.0,297.0,457.0,3042.0,1535.0,2996.0,1475.0
126,NEW LOTS AV,40.6663015,-73.88371579999998,510.0,1147.0,1448.0,1705.0,1279.0,603.0,386.0,885.0,1160.0,1375.0,973.0,519.0,851.0,1903.0,1832.0,2355.0,1342.0,661.0,506.0,793.0,1011.0,1375.0,965.0,477.0,1230.0,2903.0,1934.0,3355.0,1535.0,575.0,1352.0,3120.0,1914.0,3557.0,1660.0,619.0,1267.0,3102.0,1936.0,3436.0,1717.0
127,GRANT AV,40.6768777,-73.86534619999998,516.0,1318.0,1533.0,1855.0,1178.0,533.0,366.0,1043.0,1167.0,1448.0,979.0,414.0,674.0,1978.0,1391.0,2112.0,1102.0,428.0,464.0,765.0,1028.0,1335.0,919.0,412.0,1019.0,3038.0,1727.0,2902.0,1420.0,498.0,1054.0,3109.0,1830.0,2956.0,1431.0,480.0,1074.0,3110.0,1753.0,2926.0,1530.0
128,STERLING ST,40.6632908,-73.951044,,,,,,,,,,,,,,,,,,,,,,,,,,,,,,,,,,,,,,,,,
129,PROSPECT AV,40.66541369999999,-73.99292590000002,206.0,912.0,1355.0,1724.0,893.0,418.0,148.0,712.0,1233.0,1362.0,850.0,286.0,336.0,1481.0,1535.0,1865.0,1175.0,738.0,376.0,383.0,730.0,967.0,593.0,229.0,536.0,3617.0,1357.0,2983.0,1215.0,234.0,534.0,3784.0,1391.0,3032.0,1300.0,292.0,498.0,3681.0,1577.0,2914.0,1307.0
130,18 ST,40.74122390000001,-73.9980319,130.0,709.0,2114.0,2767.0,1262.0,467.0,139.0,511.0,1675.0,2044.0,980.0,228.0,139.0,1258.0,2295.0,2237.0,878.0,608.0,161.0,280.0,968.0,1194.0,549.0,141.0,229.0,3024.0,2477.0,4785.0,1617.0,228.0,226.0,3345.0,2623.0,5282.0,1833.0,258.0,230.0,3189.0,2751.0,5198.0,1942.0
131,SARATOGA AV,40.669094,-73.91828199999998,351.0,1052.0,1174.0,1597.0,1132.0,434.0,285.0,723.0,880.0,1213.0,920.0,424.0,695.0,1734.0,1617.0,2083.0,1138.0,459.0,381.0,683.0,825.0,1192.0,828.0,317.0,1104.0,2663.0,1566.0,3000.0,1550.0,361.0,1124.0,2454.0,1491.0,3134.0,1550.0,365.0,1062.0,2835.0,1650.0,3096.0,1613.0
132,WILSON AV,40.6887823,-73.90467240000001,235.0,923.0,1272.0,1542.0,1259.0,529.0,199.0,722.0,1217.0,1382.0,1079.0,426.0,360.0,1200.0,1373.0,1775.0,1353.0,701.0,310.0,508.0,942.0,1306.0,918.0,286.0,493.0,2130.0,1350.0,2253.0,1445.0,383.0,545.0,2282.0,1305.0,2374.0,1400.0,383.0,512.0,2271.0,1316.0,2364.0,1545.0
133,V.CORTLANDT PK,40.89642429999999,-73.8852842,494.0,1265.0,1801.0,1960.0,1083.0,517.0,302.0,962.0,1452.0,1266.0,960.0,363.0,819.0,1837.0,1399.0,1626.0,894.0,420.0,338.0,601.0,1078.0,1343.0,670.0,197.0,1452.0,3507.0,1471.0,2356.0,1019.0,270.0,1536.0,3637.0,1491.0,2430.0,1161.0,260.0,1419.0,3275.0,1381.0,2564.0,1003.0
134,WESTCHESTER SQ,40.840124700000004,-73.84282579999999,389.0,1091.0,1406.0,1568.0,992.0,442.0,298.0,753.0,1066.0,1184.0,792.0,316.0,646.0,1930.0,1655.0,2060.0,907.0,361.0,321.0,568.0,732.0,1011.0,626.0,247.0,994.0,3116.0,2057.0,3456.0,1302.0,352.0,1044.0,3399.0,2008.0,3406.0,1511.0,374.0,1031.0,3459.0,2263.0,3386.0,1381.0
135,FAR ROCKAWAY,40.6077527,-73.7517548,436.0,1140.0,1348.0,1652.0,1086.0,487.0,423.0,843.0,980.0,1268.0,849.0,457.0,739.0,1650.0,1459.0,1903.0,1103.0,399.0,432.0,622.0,769.0,1147.0,738.0,342.0,1098.0,2287.0,1388.0,2734.0,1252.0,379.0,1142.0,2309.0,1390.0,2786.0,1302.0,397.0,1127.0,2286.0,1640.0,2900.0,1272.0
136,WOODLAWN,40.88603699999999,-73.878751,377.0,960.0,1193.0,1399.0,877.0,383.0,263.0,563.0,915.0,944.0,685.0,253.0,809.0,1028.0,957.0,1485.0,895.0,325.0,271.0,399.0,746.0,966.0,544.0,250.0,1355.0,2156.0,1163.0,1922.0,804.0,267.0,1344.0,2341.0,1179.0,1971.0,891.0,304.0,1287.0,2252.0,1247.0,2203.0,947.0
137,CORTELYOU RD,40.6412697,-73.9639694,287.0,1150.0,1537.0,1422.0,683.0,260.0,227.0,1029.0,1506.0,1270.0,720.0,169.0,417.0,1674.0,1431.0,1295.0,974.0,380.0,220.0,624.0,1134.0,1117.0,516.0,128.0,737.0,3069.0,1369.0,1832.0,726.0,172.0,726.0,3256.0,1385.0,1710.0,769.0,175.0,685.0,3226.0,1555.0,1761.0,796.0
138,BERGEN ST,40.686083200000006,-73.9909074,76.0,521.0,1192.0,1390.0,837.0,455.0,80.0,479.0,1211.0,1311.0,706.0,171.0,79.0,886.0,1064.0,1375.0,886.0,879.0,141.0,233.0,725.0,899.0,462.0,121.0,178.0,2186.0,868.0,1925.0,1120.0,137.0,168.0,2395.0,925.0,1842.0,937.0,106.0,163.0,2379.0,1017.0,1910.0,997.0
139,BEDFORD PK BLVD,40.8732636,-73.8871965,402.0,873.0,1123.0,1204.0,809.0,334.0,253.0,678.0,867.0,988.0,659.0,267.0,564.0,1138.0,1077.0,1328.0,725.0,229.0,223.0,478.0,695.0,868.0,556.0,219.0,897.0,2179.0,1425.0,2767.0,898.0,293.0,902.0,2299.0,1370.0,2804.0,1014.0,344.0,907.0,2308.0,1625.0,2656.0,1106.0
140,HARLEM 148 ST,40.8240504,-73.9369385,208.0,733.0,1031.0,1307.0,905.0,367.0,170.0,584.0,991.0,1172.0,876.0,295.0,317.0,1099.0,1252.0,1483.0,903.0,438.0,249.0,393.0,757.0,1061.0,707.0,185.0,412.0,2224.0,1252.0,2106.0,998.0,215.0,431.0,2461.0,1272.0,2287.0,1037.0,262.0,425.0,2441.0,1336.0,2171.0,1122.0
141,BAY RIDGE-95 ST,40.6167174,-74.0308527,215.0,995.0,1366.0,1410.0,886.0,298.0,153.0,763.0,1138.0,1048.0,735.0,216.0,447.0,1759.0,1390.0,1649.0,835.0,357.0,217.0,447.0,834.0,901.0,490.0,163.0,802.0,3231.0,1341.0,2594.0,1057.0,220.0,813.0,3349.0,1349.0,2498.0,1271.0,200.0,809.0,3263.0,1377.0,2440.0,1076.0
142,CLINTON-WASH AV,40.683498900000004,-73.9668944,145.0,978.0,1296.0,1313.0,729.0,441.0,170.0,663.0,1127.0,1060.0,650.0,297.0,248.0,1735.0,1813.0,2207.0,1386.0,897.0,353.0,427.0,1057.0,1238.0,673.0,225.0,374.0,4122.0,1751.0,3017.0,1495.0,284.0,389.0,4496.0,1743.0,3115.0,1614.0,337.0,408.0,4353.0,1902.0,3320.0,1764.0
143,KINGSTON-THROOP,40.679826500000004,-73.94112940000001,279.0,1258.0,1569.0,1517.0,1114.0,821.0,274.0,894.0,1268.0,1408.0,1039.0,592.0,430.0,1891.0,2026.0,2372.0,1836.0,1018.0,351.0,697.0,1447.0,1657.0,1108.0,486.0,616.0,3218.0,1892.0,2922.0,1692.0,556.0,674.0,3430.0,1944.0,2967.0,1784.0,575.0,638.0,3300.0,2101.0,3017.0,1798.0
144,ST LAWRENCE AV,40.8315326,-73.8672593,414.0,998.0,1140.0,1325.0,996.0,543.0,324.0,757.0,905.0,1167.0,804.0,431.0,570.0,1277.0,1196.0,1436.0,912.0,525.0,332.0,542.0,736.0,1075.0,645.0,357.0,867.0,1969.0,1148.0,2062.0,1007.0,466.0,926.0,2091.0,1234.0,2177.0,1121.0,487.0,878.0,2103.0,1238.0,1991.0,1185.0
145,176 ST,40.8484597,-73.9117411,367.0,861.0,979.0,1000.0,666.0,294.0,242.0,562.0,668.0,735.0,606.0,273.0,630.0,1598.0,1450.0,1592.0,970.0,375.0,298.0,700.0,856.0,1179.0,691.0,277.0,915.0,2434.0,1410.0,2354.0,953.0,327.0,953.0,2637.0,1456.0,2503.0,1022.0,345.0,953.0,2591.0,1676.0,2405.0,1074.0
146,FULTON ST,40.709893,-74.0079818,135.0,820.0,1874.0,2361.0,1354.0,450.0,79.0,567.0,1529.0,1952.0,1071.0,268.0,184.0,1130.0,1652.0,2095.0,1250.0,810.0,219.0,349.0,972.0,1463.0,741.0,147.0,302.0,2330.0,1872.0,3857.0,1793.0,257.0,319.0,2507.0,1921.0,3590.0,1500.0,236.0,288.0,2449.0,2020.0,3743.0,1308.0
147,AVENUE J,40.6252684,-73.9607296,224.0,1019.0,1270.0,1358.0,781.0,281.0,161.0,1054.0,1447.0,1429.0,782.0,203.0,401.0,1985.0,1521.0,1988.0,924.0,246.0,195.0,729.0,977.0,1365.0,773.0,152.0,598.0,2910.0,1704.0,2579.0,1083.0,182.0,614.0,3019.0,1856.0,2576.0,1160.0,190.0,651.0,2927.0,1873.0,2136.0,850.0
148,183 ST,40.8583924,-73.90397810000002,530.0,1212.0,1225.0,1343.0,900.0,379.0,409.0,879.0,1025.0,1153.0,760.0,305.0,736.0,1619.0,1305.0,1578.0,978.0,399.0,354.0,656.0,779.0,1154.0,727.0,312.0,1095.0,2327.0,1433.0,2131.0,944.0,342.0,1110.0,2430.0,1402.0,2218.0,1016.0,337.0,1115.0,2603.0,1547.0,2224.0,1076.0
149,18 AV,40.6201053,-73.9894661,463.0,1876.0,1901.0,2136.0,1238.0,317.0,281.0,1706.0,1840.0,1905.0,1270.0,250.0,843.0,3187.0,2218.0,2795.0,1135.0,367.0,280.0,1206.0,1553.0,1916.0,748.0,176.0,1317.0,4971.0,2263.0,3671.0,1384.0,268.0,1305.0,5190.0,2280.0,3764.0,1442.0,284.0,1347.0,5078.0,2531.0,3579.0,1253.0
150,KINGSTON AV,40.669284499999996,-73.9422927,185.0,747.0,1076.0,1242.0,987.0,439.0,177.0,955.0,1355.0,1606.0,997.0,341.0,281.0,1598.0,1645.0,1946.0,1247.0,690.0,237.0,659.0,1134.0,1247.0,851.0,297.0,435.0,2475.0,1584.0,2215.0,1425.0,320.0,413.0,2542.0,1460.0,2430.0,1226.0,383.0,395.0,2610.0,2103.0,2237.0,1027.0
151,BEVERLEY ROAD,40.644229100000004,-73.96449799999998,170.0,624.0,916.0,1139.0,886.0,416.0,159.0,533.0,854.0,1039.0,726.0,330.0,252.0,934.0,904.0,1159.0,890.0,428.0,242.0,333.0,715.0,900.0,633.0,187.0,351.0,1718.0,837.0,1679.0,929.0,270.0,384.0,1894.0,881.0,1743.0,1090.0,330.0,368.0,1832.0,920.0,1719.0,1025.0
152,71 ST,40.619621200000005,-73.99877699999998,311.0,1323.0,1246.0,1220.0,720.0,188.0,216.0,1097.0,1027.0,998.0,676.0,122.0,567.0,2047.0,1104.0,1272.0,664.0,176.0,229.0,837.0,925.0,998.0,536.0,115.0,883.0,3088.0,1128.0,1649.0,788.0,156.0,932.0,3137.0,1019.0,1692.0,837.0,152.0,929.0,3070.0,1121.0,1513.0,826.0
153,ST. GEORGE,40.64400390000001,-74.07332480000001,290.0,857.0,1347.0,1625.0,1064.0,420.0,221.0,584.0,912.0,914.0,754.0,300.0,826.0,1978.0,1234.0,2669.0,806.0,307.0,346.0,428.0,758.0,825.0,562.0,175.0,1462.0,4519.0,1411.0,5307.0,1434.0,308.0,1526.0,4684.0,1446.0,5468.0,1424.0,309.0,1430.0,4259.0,1542.0,5010.0,1434.0
154,MT EDEN AV,40.844528499999996,-73.9146157,382.0,905.0,844.0,846.0,636.0,342.0,276.0,577.0,658.0,681.0,595.0,301.0,650.0,1595.0,1263.0,1545.0,868.0,400.0,313.0,604.0,721.0,1015.0,728.0,298.0,925.0,2293.0,1298.0,2111.0,897.0,347.0,988.0,2539.0,1557.0,2346.0,1038.0,380.0,969.0,2450.0,1500.0,2410.0,1065.0
155,MARBLE HILL-225,40.8743487,-73.91043309999998,234.0,863.0,1099.0,1385.0,782.0,209.0,181.0,630.0,990.0,1128.0,599.0,121.0,431.0,1167.0,1074.0,1172.0,563.0,219.0,175.0,446.0,759.0,933.0,445.0,113.0,627.0,1965.0,1152.0,1739.0,532.0,108.0,695.0,2160.0,1154.0,1786.0,729.0,146.0,635.0,2120.0,1185.0,1879.0,763.0
156,174-175 STS,40.846524,-73.90972690000001,249.0,723.0,908.0,1133.0,829.0,344.0,213.0,556.0,808.0,979.0,659.0,240.0,353.0,1187.0,1206.0,1248.0,754.0,340.0,198.0,393.0,566.0,880.0,571.0,190.0,501.0,1776.0,1133.0,1838.0,662.0,291.0,564.0,1983.0,1240.0,1864.0,800.0,263.0,556.0,2011.0,1309.0,1768.0,870.0
157,33 ST-RAWSON ST,40.744587,-73.93099699999998,285.0,817.0,1042.0,1217.0,557.0,199.0,263.0,549.0,731.0,978.0,474.0,167.0,549.0,1722.0,1600.0,1573.0,371.0,244.0,178.0,291.0,466.0,601.0,328.0,157.0,897.0,5479.0,4092.0,6326.0,1685.0,239.0,948.0,5770.0,4656.0,6765.0,1786.0,213.0,935.0,4640.0,3290.0,5541.0,1068.0
158,CITY HALL,40.7135245,-74.00671009999998,48.0,443.0,1378.0,1541.0,539.0,128.0,47.0,299.0,942.0,1104.0,455.0,85.0,116.0,1063.0,1609.0,1584.0,345.0,272.0,49.0,224.0,780.0,1027.0,376.0,71.0,183.0,2021.0,1734.0,3807.0,810.0,136.0,203.0,2120.0,1893.0,3908.0,837.0,138.0,186.0,2188.0,1793.0,3598.0,839.0
159,182-183 STS,40.8560934,-73.90102949999998,390.0,963.0,1016.0,1128.0,680.0,354.0,327.0,740.0,900.0,978.0,636.0,274.0,558.0,1182.0,1076.0,1027.0,755.0,384.0,321.0,563.0,682.0,953.0,585.0,227.0,823.0,1884.0,1097.0,1524.0,696.0,259.0,825.0,1976.0,1110.0,1459.0,693.0,282.0,795.0,2092.0,1251.0,1544.0,855.0
160,PRESIDENT ST,40.668158500000004,-73.95065859999998,115.0,541.0,865.0,1172.0,734.0,309.0,124.0,471.0,870.0,1047.0,580.0,258.0,214.0,1133.0,1184.0,1591.0,863.0,411.0,164.0,310.0,555.0,842.0,477.0,172.0,303.0,2407.0,1289.0,2407.0,1187.0,179.0,325.0,2623.0,1226.0,2466.0,1204.0,136.0,301.0,2582.0,1412.0,2505.0,1106.0
161,77 ST,40.7736346,-73.95982939999998,182.0,838.0,1163.0,1179.0,757.0,174.0,137.0,586.0,953.0,913.0,569.0,134.0,382.0,1448.0,1064.0,1261.0,679.0,202.0,139.0,361.0,671.0,647.0,348.0,91.0,677.0,2943.0,1114.0,1717.0,751.0,135.0,697.0,3013.0,1122.0,1813.0,819.0,139.0,670.0,2899.0,1077.0,1802.0,767.0
162,GUN HILL RD,40.87773920000001,-73.86630459999998,302.0,694.0,751.0,725.0,423.0,155.0,184.0,506.0,631.0,534.0,330.0,111.0,754.0,1442.0,906.0,804.0,542.0,192.0,202.0,467.0,586.0,576.0,373.0,118.0,1195.0,2258.0,1114.0,1220.0,594.0,147.0,1274.0,2459.0,1136.0,1173.0,631.0,156.0,1253.0,2363.0,1206.0,1307.0,608.0
163,79 ST,40.783934,-73.979917,303.0,1467.0,1203.0,1419.0,1148.0,188.0,209.0,1208.0,1040.0,1212.0,1032.0,140.0,553.0,2203.0,1042.0,1058.0,586.0,145.0,191.0,894.0,948.0,1044.0,606.0,109.0,930.0,3612.0,1396.0,1537.0,695.0,139.0,929.0,3709.0,1337.0,1565.0,702.0,114.0,941.0,3642.0,1308.0,1508.0,636.0
164,190 ST,40.858887700000004,-73.93422159999999,103.0,622.0,1241.0,917.0,444.0,119.0,88.0,551.0,1002.0,862.0,357.0,92.0,210.0,1016.0,927.0,947.0,749.0,239.0,142.0,307.0,738.0,829.0,309.0,93.0,356.0,2103.0,886.0,1227.0,450.0,105.0,382.0,2324.0,989.0,1264.0,528.0,92.0,375.0,2291.0,978.0,1331.0,513.0
165,20 AV,40.617271,-73.9847709,261.0,1059.0,1141.0,1069.0,541.0,94.0,163.0,859.0,1006.0,924.0,468.0,94.0,445.0,1561.0,1005.0,1100.0,531.0,122.0,155.0,571.0,875.0,884.0,435.0,68.0,771.0,2437.0,1050.0,1513.0,975.0,109.0,815.0,2569.0,1018.0,1337.0,678.0,104.0,806.0,2471.0,992.0,1480.0,668.0
166,25 ST,40.6604039,-73.99810550000001,205.0,762.0,1068.0,1167.0,331.0,99.0,134.0,571.0,842.0,928.0,614.0,252.0,269.0,1145.0,1126.0,1346.0,789.0,410.0,188.0,353.0,691.0,873.0,560.0,171.0,423.0,2067.0,1097.0,1898.0,835.0,232.0,425.0,2120.0,1037.0,1947.0,870.0,253.0,393.0,2109.0,1089.0,1939.0,903.0
167,BRIARWOOD,40.7093666,-73.81988539999998,217.0,779.0,1167.0,1179.0,701.0,238.0,192.0,699.0,989.0,890.0,597.0,183.0,442.0,1471.0,1169.0,1278.0,672.0,261.0,244.0,431.0,791.0,791.0,444.0,125.0,760.0,2477.0,1072.0,1675.0,896.0,176.0,723.0,2602.0,1264.0,1837.0,940.0,201.0,741.0,2615.0,1496.0,1861.0,891.0
168,AQUEDUCT RACETR,40.6721498,-73.8356843,194.0,64.0,447.0,1032.0,538.0,292.0,200.0,63.0,436.0,771.0,464.0,164.0,131.0,89.0,377.0,724.0,371.0,230.0,200.0,55.0,444.0,1046.0,508.0,188.0,155.0,148.0,373.0,559.0,397.0,143.0,139.0,158.0,399.0,597.0,380.0,168.0,215.0,152.0,462.0,830.0,511.0
169,PENNSYLVANIA AV,40.6646911,-73.8941747,231.0,685.0,889.0,1000.0,658.0,270.0,187.0,512.0,728.0,848.0,527.0,218.0,492.0,1130.0,1036.0,1140.0,678.0,279.0,219.0,427.0,581.0,814.0,484.0,190.0,668.0,1988.0,1160.0,1804.0,736.0,212.0,649.0,2191.0,1203.0,1939.0,801.0,204.0,660.0,2158.0,1268.0,1922.0,785.0
170,AVENUE M,40.6180725,-73.9593745,149.0,825.0,1041.0,938.0,549.0,160.0,120.0,866.0,1205.0,1199.0,598.0,102.0,325.0,1798.0,1279.0,1738.0,674.0,139.0,125.0,611.0,830.0,1027.0,499.0,74.0,541.0,3248.0,1688.0,2338.0,718.0,90.0,534.0,3368.0,1846.0,2446.0,813.0,109.0,534.0,3192.0,2061.0,1926.0,524.0
171,OCEAN PKWY,40.5762935,-73.9684997,114.0,597.0,1021.0,878.0,477.0,140.0,88.0,538.0,833.0,853.0,408.0,99.0,176.0,778.0,768.0,766.0,385.0,110.0,111.0,299.0,574.0,710.0,309.0,63.0,364.0,1348.0,1030.0,1370.0,541.0,82.0,364.0,1472.0,959.0,1403.0,585.0,75.0,346.0,1388.0,1144.0,1233.0,545.0
172,AVENUE H,40.6297445,-73.96166170000001,150.0,564.0,746.0,842.0,544.0,201.0,92.0,504.0,680.0,685.0,469.0,155.0,204.0,851.0,771.0,935.0,561.0,227.0,129.0,306.0,543.0,633.0,406.0,130.0,327.0,1603.0,952.0,1527.0,735.0,159.0,336.0,1683.0,865.0,1544.0,786.0,176.0,333.0,1608.0,1053.0,1371.0,693.0
173,JUNIUS ST,40.67504,-73.904496,119.0,513.0,604.0,731.0,517.0,233.0,114.0,378.0,489.0,647.0,411.0,168.0,231.0,810.0,773.0,981.0,574.0,266.0,142.0,318.0,395.0,572.0,364.0,117.0,305.0,1203.0,764.0,1437.0,500.0,134.0,321.0,1333.0,774.0,1517.0,590.0,174.0,309.0,1322.0,790.0,1470.0,648.0
174,NECK RD,40.595153100000005,-73.9550266,187.0,939.0,950.0,911.0,450.0,127.0,149.0,745.0,781.0,739.0,408.0,94.0,323.0,1412.0,751.0,951.0,467.0,129.0,137.0,527.0,627.0,598.0,330.0,85.0,548.0,2303.0,811.0,1297.0,613.0,103.0,604.0,2540.0,808.0,1333.0,572.0,97.0,580.0,2495.0,822.0,1336.0,571.0
175,VAN SICLEN AV,40.67274219999999,-73.8903155,232.0,594.0,748.0,952.0,715.0,356.0,186.0,434.0,585.0,706.0,489.0,229.0,396.0,942.0,850.0,1135.0,637.0,299.0,208.0,377.0,485.0,749.0,532.0,196.0,548.0,1487.0,878.0,1600.0,803.0,259.0,617.0,1586.0,877.0,1749.0,896.0,234.0,549.0,1566.0,894.0,1660.0,916.0
176,138/GRAND CONC,40.8132249,-73.9298111,326.0,648.0,573.0,757.0,419.0,242.0,255.0,325.0,384.0,492.0,308.0,176.0,485.0,956.0,945.0,868.0,486.0,170.0,233.0,255.0,372.0,565.0,313.0,151.0,684.0,1539.0,1166.0,1664.0,570.0,210.0,727.0,1582.0,1118.0,1844.0,611.0,229.0,706.0,1566.0,1139.0,1669.0,659.0
177,BEVERLY RD,40.8322067,-73.3848891,187.0,696.0,869.0,780.0,425.0,140.0,137.0,544.0,684.0,561.0,335.0,95.0,365.0,1190.0,861.0,861.0,542.0,175.0,190.0,398.0,542.0,640.0,352.0,87.0,604.0,1988.0,852.0,915.0,462.0,91.0,598.0,2173.0,891.0,991.0,442.0,80.0,604.0,2070.0,925.0,929.0,500.0
178,75 AV,40.718331,-73.837324,56.0,485.0,739.0,674.0,393.0,122.0,56.0,393.0,699.0,576.0,311.0,87.0,157.0,968.0,662.0,736.0,470.0,160.0,83.0,252.0,521.0,491.0,250.0,58.0,268.0,1828.0,651.0,853.0,412.0,80.0,292.0,1936.0,753.0,900.0,482.0,93.0,253.0,1922.0,769.0,880.0,501.0
179,BUSHWICK AV,40.7002958,-73.94116439999998,130.0,452.0,698.0,755.0,583.0,207.0,122.0,374.0,587.0,588.0,467.0,160.0,186.0,596.0,621.0,802.0,620.0,323.0,145.0,266.0,474.0,575.0,372.0,130.0,273.0,990.0,656.0,931.0,597.0,170.0,250.0,1075.0,648.0,947.0,634.0,174.0,250.0,1039.0,673.0,941.0,633.0
180,BEACH 67 ST,40.5909714,-73.79631690000001,213.0,495.0,601.0,632.0,389.0,203.0,128.0,362.0,463.0,459.0,364.0,212.0,321.0,640.0,629.0,689.0,473.0,167.0,187.0,276.0,448.0,516.0,324.0,126.0,529.0,950.0,603.0,951.0,496.0,162.0,524.0,1058.0,565.0,909.0,518.0,178.0,529.0,1028.0,647.0,931.0,505.0
181,WHITLOCK AV,40.82674420000001,-73.88634559999998,217.0,431.0,474.0,676.0,484.0,251.0,157.0,329.0,407.0,458.0,316.0,189.0,250.0,571.0,535.0,696.0,376.0,237.0,172.0,248.0,318.0,405.0,319.0,137.0,363.0,1083.0,559.0,1120.0,441.0,173.0,388.0,1196.0,582.0,1130.0,503.0,174.0,398.0,1154.0,648.0,1089.0,490.0
182,W 8 ST-AQUARIUM,40.57612779999999,-73.97596539999998,37.0,355.0,1033.0,793.0,187.0,71.0,38.0,325.0,687.0,543.0,175.0,35.0,100.0,662.0,900.0,618.0,227.0,90.0,49.0,256.0,1073.0,658.0,135.0,20.0,198.0,994.0,1078.0,1025.0,227.0,37.0,208.0,1036.0,918.0,945.0,273.0,43.0,218.0,1006.0,1037.0,913.0,226.0
183,PARK PLACE,40.7132422,-74.0092559,38.0,222.0,629.0,757.0,268.0,60.0,16.0,197.0,530.0,580.0,334.0,56.0,84.0,763.0,824.0,845.0,212.0,137.0,31.0,127.0,342.0,481.0,154.0,44.0,179.0,1654.0,839.0,2154.0,449.0,21.0,168.0,1722.0,884.0,2231.0,451.0,0.0,151.0,1655.0,1017.0,2084.0,473.0
184,215 ST,40.8695946,-73.9153019,66.0,244.0,360.0,375.0,178.0,86.0,53.0,207.0,296.0,346.0,178.0,71.0,78.0,368.0,418.0,400.0,331.0,74.0,56.0,125.0,247.0,244.0,94.0,65.0,124.0,577.0,549.0,623.0,239.0,51.0,115.0,661.0,524.0,676.0,254.0,88.0,120.0,638.0,498.0,633.0,240.0
185,HOWARD BCH JFK,40.660476,-73.83030099999998,172.0,475.0,599.0,821.0,555.0,291.0,178.0,404.0,592.0,667.0,517.0,278.0,277.0,545.0,618.0,651.0,465.0,170.0,112.0,270.0,427.0,559.0,470.0,206.0,369.0,680.0,565.0,813.0,516.0,207.0,395.0,744.0,524.0,758.0,553.0,217.0,365.0,656.0,515.0,723.0,487.0
186,BEACH 25 ST,40.59946790000001,-73.7618536,183.0,341.0,414.0,547.0,422.0,211.0,148.0,286.0,357.0,408.0,378.0,195.0,304.0,532.0,409.0,661.0,444.0,200.0,170.0,245.0,272.0,,,,,,,,,,,,,,,,,,,,
187,BEACH 60 ST,40.59244,-73.78928300000003,205.0,368.0,523.0,525.0,400.0,182.0,162.0,300.0,438.0,415.0,303.0,166.0,345.0,542.0,573.0,709.0,454.0,210.0,207.0,221.0,360.0,489.0,385.0,114.0,538.0,868.0,598.0,936.0,494.0,178.0,510.0,990.0,601.0,957.0,534.0,170.0,512.0,1016.0,687.0,967.0,495.0
188,ATLANTIC AV,40.675554,-73.90305759999998,82.0,309.0,342.0,391.0,272.0,70.0,52.0,228.0,256.0,310.0,221.0,66.0,116.0,523.0,365.0,472.0,283.0,85.0,64.0,159.0,226.0,292.0,171.0,69.0,237.0,896.0,410.0,767.0,291.0,61.0,262.0,924.0,407.0,843.0,313.0,59.0,257.0,929.0,406.0,801.0,356.0
189,BEACH 36 ST,40.595532,-73.7681238,87.0,206.0,280.0,306.0,258.0,85.0,95.0,150.0,215.0,220.0,195.0,84.0,148.0,277.0,277.0,352.0,239.0,94.0,108.0,102.0,165.0,240.0,175.0,80.0,249.0,442.0,254.0,538.0,268.0,80.0,246.0,486.0,262.0,588.0,315.0,102.0,227.0,489.0,312.0,531.0,287.0
190,55 ST,40.6315514,-73.9956328,63.0,238.0,308.0,302.0,194.0,60.0,42.0,362.0,507.0,552.0,,,121.0,767.0,642.0,853.0,282.0,61.0,58.0,308.0,386.0,454.0,230.0,39.0,173.0,1004.0,702.0,1018.0,352.0,78.0,171.0,1061.0,672.0,1171.0,402.0,68.0,189.0,948.0,772.0,905.0,205.0
191,104 ST,40.695145600000004,-73.8443046,279.0,689.0,669.0,715.0,447.0,184.0,179.0,467.0,545.0,542.0,360.0,149.0,526.0,1021.0,704.0,832.0,468.0,160.0,189.0,324.0,419.0,464.0,290.0,113.0,906.0,1710.0,716.0,1267.0,556.0,151.0,917.0,1732.0,723.0,1294.0,597.0,153.0,896.0,1587.0,742.0,1220.0,550.0
192,BEACH 44 ST,40.592920899999996,-73.77594839999998,76.0,184.0,202.0,248.0,198.0,81.0,48.0,143.0,175.0,188.0,152.0,77.0,112.0,219.0,215.0,275.0,176.0,81.0,80.0,121.0,151.0,222.0,143.0,78.0,187.0,,,414.0,206.0,81.0,205.0,383.0,203.0,483.0,228.0,77.0,223.0,370.0,249.0,420.0,226.0
193,WORLD TRADE CTR,40.712645200000004,-74.00989799999998,284.0,2393.0,5649.0,6932.0,3460.0,654.0,192.0,1500.0,3859.0,5323.0,2751.0,440.0,671.0,4148.0,6644.0,7798.0,2665.0,1133.0,391.0,1394.0,4279.0,5752.0,2386.0,477.0,1295.0,9127.0,5698.0,13492.0,3409.0,579.0,1280.0,9590.0,5712.0,13338.0,3605.0,627.0,1253.0,8767.0,5753.0,12651.0,3490.0
194,NASSAU AV,40.7238944,-73.9506777,222.0,1211.0,2245.0,2865.0,1559.0,617.0,139.0,900.0,2077.0,2248.0,1456.0,399.0,380.0,2064.0,2634.0,3262.0,2039.0,1337.0,305.0,537.0,1549.0,1969.0,1145.0,322.0,756.0,4768.0,2506.0,5139.0,2111.0,366.0,795.0,5149.0,2545.0,5127.0,2378.0,382.0,783.0,5094.0,2560.0,5380.0,2467.0
195,39 AV,40.752689700000005,-73.9328056,,,,,,,,,,,,,,,,,,,,,,,,,,,,,,,,,,,,,,,,,
196,36 AV,40.7668516,-73.921313,407.0,1858.0,2786.0,3358.0,2475.0,1029.0,385.0,1301.0,2424.0,2900.0,1751.0,734.0,614.0,2995.0,3202.0,3796.0,2266.0,1352.0,482.0,805.0,1811.0,2431.0,1505.0,443.0,947.0,5762.0,3036.0,6204.0,2840.0,725.0,1016.0,6198.0,3186.0,6387.0,3207.0,687.0,950.0,6035.0,3172.0,6573.0,2946.0
197,BROADWAY,40.7623472,-73.9256595,,,,,,,,,,,,,,,,,,,,,,,,,,,,,,,,,,,,,,,,,
198,COURT SQ-23 ST,40.748050799999994,-73.94704779999998,10.0,74.0,90.0,101.0,81.0,19.0,6.0,41.0,76.0,125.0,101.0,12.0,150.0,787.0,895.0,1083.0,572.0,215.0,77.0,281.0,529.0,466.0,223.0,80.0,447.0,2450.0,1255.0,2346.0,830.0,155.0,512.0,2515.0,1450.0,2525.0,658.0,147.0,462.0,2535.0,1509.0,2550.0,763.0
199,ASTORIA DITMARS,40.7750119,-73.91211,601.0,2337.0,4153.0,4670.0,3122.0,1306.0,414.0,1899.0,3419.0,3668.0,2681.0,931.0,930.0,4277.0,4440.0,5113.0,2742.0,1410.0,682.0,1024.0,2355.0,3002.0,1862.0,641.0,1559.0,8387.0,4051.0,7674.0,3931.0,1019.0,1651.0,9114.0,4028.0,8165.0,4639.0,1031.0,1614.0,8972.0,4130.0,8637.0,4410.0
200,CYPRESS HILLS,40.68994860000001,-73.87257310000003,81.0,237.0,251.0,271.0,157.0,70.0,52.0,202.0,213.0,195.0,150.0,56.0,168.0,379.0,259.0,355.0,156.0,65.0,54.0,141.0,178.0,195.0,118.0,41.0,286.0,638.0,321.0,519.0,192.0,60.0,279.0,700.0,295.0,529.0,219.0,53.0,299.0,675.0,327.0,525.0,218.0
201,30 AV,40.7668516,-73.921313,581.0,2697.0,4756.0,5234.0,3730.0,1556.0,450.0,2025.0,3942.0,4349.0,2916.0,1170.0,838.0,4484.0,4859.0,6029.0,3577.0,2029.0,714.0,1205.0,2837.0,3737.0,2343.0,676.0,1432.0,9289.0,4292.0,9360.0,4665.0,1071.0,1502.0,9989.0,4347.0,9121.0,5349.0,1105.0,1483.0,9852.0,4378.0,9719.0,4865.0
202,121 ST,40.7006094,-73.8281286,153.0,295.0,283.0,502.0,316.0,139.0,88.0,204.0,244.0,383.0,176.0,84.0,190.0,461.0,324.0,556.0,260.0,80.0,155.0,208.0,277.0,330.0,195.0,97.0,341.0,704.0,367.0,838.0,345.0,96.0,308.0,799.0,369.0,852.0,321.0,98.0,298.0,706.0,326.0,812.0,297.0
203,75 ST-ELDERTS,40.69143649999999,-73.8665512,259.0,680.0,670.0,728.0,418.0,166.0,188.0,498.0,564.0,594.0,351.0,141.0,462.0,924.0,657.0,776.0,432.0,152.0,158.0,395.0,519.0,530.0,342.0,112.0,726.0,1722.0,798.0,1435.0,554.0,137.0,737.0,1825.0,743.0,1480.0,614.0,145.0,736.0,1802.0,704.0,1358.0,599.0
204,AVENUE X,40.589682200000006,-73.9742509,94.0,437.0,422.0,507.0,268.0,83.0,69.0,292.0,332.0,332.0,225.0,65.0,243.0,766.0,543.0,708.0,319.0,118.0,106.0,263.0,309.0,347.0,253.0,53.0,395.0,1353.0,636.0,1100.0,532.0,92.0,421.0,1518.0,655.0,1148.0,559.0,136.0,413.0,1362.0,678.0,1127.0,541.0
205,AVENUE P,40.6087814,-73.97290840000001,73.0,402.0,428.0,409.0,191.0,73.0,69.0,330.0,365.0,326.0,214.0,58.0,196.0,866.0,446.0,664.0,277.0,88.0,114.0,273.0,312.0,378.0,172.0,54.0,312.0,1312.0,453.0,747.0,310.0,58.0,324.0,1395.0,470.0,774.0,321.0,71.0,347.0,1298.0,553.0,749.0,294.0
206,85 ST-FOREST PK,40.6924861,-73.8590708,256.0,676.0,769.0,646.0,342.0,167.0,135.0,527.0,536.0,517.0,279.0,131.0,425.0,981.0,752.0,813.0,429.0,153.0,142.0,329.0,440.0,451.0,266.0,94.0,737.0,1552.0,728.0,1155.0,507.0,128.0,718.0,1588.0,695.0,1154.0,551.0,120.0,665.0,1531.0,708.0,1152.0,471.0
207,WOODHAVEN BLVD,40.6939097,-73.85139269999998,246.0,756.0,786.0,967.0,579.0,184.0,152.0,571.0,666.0,759.0,532.0,169.0,439.0,1189.0,904.0,949.0,474.0,135.0,189.0,428.0,481.0,611.0,337.0,120.0,701.0,1946.0,858.0,1453.0,550.0,163.0,688.0,1903.0,874.0,1494.0,640.0,176.0,660.0,1870.0,877.0,1537.0,639.0
208,METROPOLITAN AV,40.712132700000005,-73.889276,0.0,0.0,0.0,0.0,0.0,1.0,0.0,0.0,0.0,0.0,0.0,0.0,371.0,1081.0,909.0,1210.0,415.0,103.0,69.0,203.0,426.0,518.0,215.0,69.0,690.0,1951.0,1151.0,2348.0,632.0,128.0,727.0,2081.0,1076.0,2544.0,776.0,125.0,702.0,2061.0,1018.0,2375.0,535.0
209,GREENPOINT AV,40.7301618,-73.9540458,221.0,1261.0,2053.0,2449.0,1702.0,521.0,183.0,988.0,1753.0,2113.0,1328.0,341.0,413.0,2052.0,2497.0,2813.0,1967.0,1094.0,367.0,618.0,1335.0,1710.0,989.0,186.0,702.0,4452.0,2409.0,4918.0,2046.0,297.0,742.0,4810.0,2393.0,4972.0,2265.0,362.0,742.0,4763.0,2593.0,5316.0,2732.0
